Timestamp,Src_IP,Count,label
2024-04-09 10:304,192.168.158.128,256,host scan
2024-04-09 10:304,192.168.158.2,2,host scan
2024-04-09 10:304,192.168.158.1,1,host scan
2024-04-09 10:304,192.168.158.131,1,host scan
2024-04-09 10:304,192.168.158.130,1,host scan
2024-04-09 10:304,192.168.158.132,1,host scan
2024-04-09 10:304,192.168.158.133,1,host scan
2024-04-09 10:304,192.168.158.254,1,host scan
2024-04-09 10:305,192.168.158.128,251,host scan
2024-04-09 10:305,192.168.158.254,3,host scan
2024-04-09 10:326,192.168.158.128,1,host scan
2024-04-09 10:326,192.168.158.131,1,host scan
2024-04-09 10:327,192.168.158.128,1,host scan
2024-04-09 10:327,192.168.158.2,1,host scan
2024-04-10 19:427,192.168.158.128,488,host scan
2024-04-10 19:427,192.168.158.1,1,host scan
2024-04-10 19:427,192.168.158.2,2,host scan
2024-04-10 19:427,192.168.158.130,1,host scan
2024-04-10 19:427,192.168.158.133,1,host scan
2024-04-10 19:427,192.168.158.131,1,host scan
2024-04-10 19:427,192.168.158.132,1,host scan
2024-04-10 19:427,192.168.158.254,3,host scan
2024-04-10 19:428,192.168.158.128,19,host scan
2024-04-10 19:428,192.168.158.254,1,host scan
2024-04-10 19:447,192.168.158.131,1,host scan
2024-04-10 19:447,192.168.158.254,1,host scan
2024-04-10 19:447,192.168.158.128,1,host scan
2024-04-10 19:447,192.168.158.2,2,host scan
2024-04-10 19:447,192.168.158.130,1,host scan
2024-04-10 19:448,192.168.158.130,1,host scan
2024-04-10 19:448,192.168.158.128,2,host scan
2024-04-10 19:449,192.168.158.128,1,host scan
2024-04-10 19:449,192.168.158.130,1,host scan
2024-04-10 19:4410,192.168.158.131,1,host scan
2024-04-10 19:4410,192.168.158.132,1,host scan
2024-04-10 19:512,192.168.158.128,1,host scan
2024-04-10 19:512,192.168.158.2,1,host scan
2024-04-10 19:513,192.168.158.131,2,host scan
2024-04-10 19:513,192.168.158.128,3,host scan
2024-04-10 19:515,192.168.158.132,1,host scan
2024-04-10 19:515,192.168.158.254,1,host scan
2024-04-09 10:290,192.168.158.1,2,host scan
2024-04-09 10:290,192.168.158.128,1,host scan
2024-04-09 10:290,192.168.158.130,1,host scan
2024-04-09 10:283,192.168.158.128,1,host scan
2024-04-09 10:283,192.168.158.132,1,host scan
2024-04-10 19:412,192.168.158.128,507,host scan
2024-04-10 19:412,192.168.158.1,1,host scan
2024-04-10 19:412,192.168.158.2,2,host scan
2024-04-10 19:412,192.168.158.130,2,host scan
2024-04-10 19:412,192.168.158.131,1,host scan
2024-04-10 19:412,192.168.158.133,1,host scan
2024-04-10 19:412,192.168.158.132,1,host scan
2024-04-10 19:412,192.168.158.254,5,host scan
2024-04-10 19:413,192.168.158.132,1,host scan
2024-04-10 19:413,192.168.158.128,3,host scan
2024-04-10 19:413,192.168.158.133,1,host scan
2024-04-10 19:413,192.168.158.130,1,host scan
2024-04-09 10:0011,192.168.158.1,1,host scan
2024-04-09 10:0011,192.168.158.128,1,host scan
2024-04-09 10:0011,192.168.158.130,1,host scan
2024-04-09 10:010,192.168.158.128,1,host scan
2024-04-09 10:010,192.168.158.130,1,host scan
2024-04-09 10:010,192.168.158.1,3,host scan
2024-04-09 09:5710,192.168.158.128,1,host scan
2024-04-09 09:5710,192.168.158.131,1,host scan
2024-04-09 10:021,192.168.158.128,2,host scan
2024-04-09 10:021,192.168.158.132,2,host scan
2024-04-09 10:028,192.168.158.1,1,host scan
2024-04-09 10:029,192.168.158.128,2,host scan
2024-04-09 10:029,192.168.158.133,2,host scan
2024-04-10 19:367,192.168.158.128,507,host scan
2024-04-10 19:367,192.168.158.1,1,host scan
2024-04-10 19:367,192.168.158.2,2,host scan
2024-04-10 19:367,192.168.158.130,1,host scan
2024-04-10 19:367,192.168.158.132,1,host scan
2024-04-10 19:367,192.168.158.133,1,host scan
2024-04-10 19:367,192.168.158.131,1,host scan
2024-04-10 19:367,192.168.158.254,4,host scan
2024-04-10 19:368,192.168.158.1,5,host scan
2024-04-10 19:368,192.168.158.128,5,host scan
2024-04-10 19:368,192.168.158.130,1,host scan
2024-04-10 19:368,192.168.158.131,1,host scan
2024-04-10 19:368,192.168.158.133,1,host scan
2024-04-10 19:368,192.168.158.132,1,host scan
2024-04-10 19:369,192.168.158.1,2,host scan
2024-04-10 19:3610,192.168.158.1,4,host scan
2024-04-09 10:039,192.168.158.128,1,host scan
2024-04-09 10:039,192.168.158.130,1,host scan
2024-04-09 10:065,192.168.158.128,1,host scan
2024-04-09 10:065,192.168.158.131,2,host scan
2024-04-09 10:065,192.168.158.2,1,host scan
2024-04-09 10:079,192.168.158.128,2,host scan
2024-04-09 10:079,192.168.158.132,2,host scan
2024-04-09 10:079,192.168.158.2,1,host scan
2024-04-09 10:079,192.168.158.131,1,host scan
2024-04-09 10:082,192.168.158.128,1,host scan
2024-04-09 10:082,192.168.158.133,1,host scan
2024-04-10 19:395,192.168.158.128,507,host scan
2024-04-10 19:395,192.168.158.1,1,host scan
2024-04-10 19:395,192.168.158.2,6,host scan
2024-04-10 19:395,192.168.158.130,2,host scan
2024-04-10 19:395,192.168.158.131,2,host scan
2024-04-10 19:395,192.168.158.133,2,host scan
2024-04-10 19:395,192.168.158.132,2,host scan
2024-04-10 19:395,192.168.158.254,4,host scan
2024-04-10 19:397,192.168.158.131,1,host scan
2024-04-10 19:397,192.168.158.132,1,host scan
2024-04-10 19:397,192.168.158.1,5,host scan
2024-04-09 10:091,192.168.158.128,1,host scan
2024-04-09 10:091,192.168.158.130,1,host scan
2024-04-09 10:092,192.168.158.132,1,host scan
2024-04-09 10:092,192.168.158.254,1,host scan
2024-04-09 10:092,192.168.158.130,1,host scan
2024-04-09 10:092,192.168.158.128,2,host scan
2024-04-09 10:092,192.168.158.2,1,host scan
2024-04-09 10:097,192.168.158.128,1,host scan
2024-04-09 10:097,192.168.158.130,1,host scan
2024-04-09 10:097,192.168.158.1,4,host scan
2024-04-09 10:098,192.168.158.1,6,host scan
2024-04-09 10:098,192.168.158.130,1,host scan
2024-04-09 10:098,192.168.158.128,1,host scan
2024-04-09 10:098,192.168.158.254,1,host scan
2024-04-09 10:099,192.168.158.1,5,host scan
2024-04-09 10:0910,192.168.158.1,5,host scan
2024-04-09 10:0911,192.168.158.1,5,host scan
2024-04-09 10:100,192.168.158.128,1,host scan
2024-04-09 10:100,192.168.158.130,1,host scan
2024-04-09 10:101,192.168.158.130,1,host scan
2024-04-09 10:101,192.168.158.128,1,host scan
2024-04-09 10:105,192.168.158.128,1,host scan
2024-04-09 10:105,192.168.158.130,1,host scan
2024-04-09 10:106,192.168.158.130,1,host scan
2024-04-09 10:106,192.168.158.128,1,host scan
2024-04-09 10:108,192.168.158.131,1,host scan
2024-04-09 10:108,192.168.158.130,1,host scan
2024-04-09 10:109,192.168.158.133,1,host scan
2024-04-09 10:109,192.168.158.254,1,host scan
2024-04-09 10:1010,192.168.158.128,1,host scan
2024-04-09 10:1010,192.168.158.130,1,host scan
2024-04-09 10:1011,192.168.158.131,1,host scan
2024-04-09 10:1011,192.168.158.254,1,host scan
2024-04-09 10:110,192.168.158.130,1,host scan
2024-04-09 10:110,192.168.158.128,1,host scan
2024-04-09 10:112,192.168.158.131,1,host scan
2024-04-09 10:112,192.168.158.132,1,host scan
2024-04-09 10:114,192.168.158.128,1,host scan
2024-04-09 10:114,192.168.158.130,1,host scan
2024-04-09 10:115,192.168.158.130,1,host scan
2024-04-09 10:115,192.168.158.128,1,host scan
2024-04-09 10:118,192.168.158.1,4,host scan
2024-04-09 10:119,192.168.158.128,1,host scan
2024-04-09 10:119,192.168.158.130,1,host scan
2024-04-09 10:1110,192.168.158.1,6,host scan
2024-04-09 10:1110,192.168.158.130,1,host scan
2024-04-09 10:1110,192.168.158.128,1,host scan
2024-04-09 10:1111,192.168.158.1,1,host scan
2024-04-09 10:120,192.168.158.1,5,host scan
2024-04-09 10:122,192.168.158.128,1,host scan
2024-04-09 10:122,192.168.158.130,1,host scan
2024-04-09 10:124,192.168.158.130,1,host scan
2024-04-09 10:124,192.168.158.128,1,host scan
2024-04-09 10:126,192.168.158.130,1,host scan
2024-04-09 10:126,192.168.158.254,1,host scan
2024-04-09 10:128,192.168.158.128,1,host scan
2024-04-09 10:128,192.168.158.130,1,host scan
2024-04-09 10:129,192.168.158.130,1,host scan
2024-04-09 10:129,192.168.158.128,1,host scan
2024-04-09 10:129,192.168.158.131,1,host scan
2024-04-09 10:129,192.168.158.133,1,host scan
2024-04-09 10:131,192.168.158.128,1,host scan
2024-04-09 10:131,192.168.158.130,1,host scan
2024-04-09 10:133,192.168.158.130,1,host scan
2024-04-09 10:133,192.168.158.128,1,host scan
2024-04-09 10:137,192.168.158.128,1,host scan
2024-04-09 10:137,192.168.158.130,1,host scan
2024-04-09 10:138,192.168.158.1,4,host scan
2024-04-09 10:138,192.168.158.130,1,host scan
2024-04-09 10:138,192.168.158.128,1,host scan
2024-04-09 10:139,192.168.158.128,1,host scan
2024-04-09 10:139,192.168.158.131,1,host scan
2024-04-09 10:1310,192.168.158.1,6,host scan
2024-04-09 10:1311,192.168.158.1,1,host scan
2024-04-09 10:140,192.168.158.1,5,host scan
2024-04-09 10:140,192.168.158.128,1,host scan
2024-04-09 10:140,192.168.158.130,1,host scan
2024-04-09 10:141,192.168.158.130,1,host scan
2024-04-09 10:141,192.168.158.128,1,host scan
2024-04-09 10:145,192.168.158.128,1,host scan
2024-04-09 10:145,192.168.158.130,1,host scan
2024-04-09 10:149,192.168.158.130,1,host scan
2024-04-09 10:149,192.168.158.128,1,host scan
2024-04-09 10:1411,192.168.158.128,1,host scan
2024-04-09 10:1411,192.168.158.130,1,host scan
2024-04-09 10:154,192.168.158.130,2,host scan
2024-04-09 10:154,192.168.158.128,2,host scan
2024-04-09 10:158,192.168.158.1,4,host scan
2024-04-09 10:159,192.168.158.128,1,host scan
2024-04-09 10:159,192.168.158.130,2,host scan
2024-04-09 10:159,192.168.158.131,1,host scan
2024-04-09 10:1510,192.168.158.1,6,host scan
2024-04-09 10:1511,192.168.158.130,1,host scan
2024-04-09 10:1511,192.168.158.128,1,host scan
2024-04-09 10:1511,192.168.158.1,1,host scan
2024-04-09 10:160,192.168.158.1,5,host scan
2024-04-09 10:163,192.168.158.128,1,host scan
2024-04-09 10:163,192.168.158.130,1,host scan
2024-04-09 10:163,192.168.158.131,1,host scan
2024-04-09 10:163,192.168.158.132,1,host scan
2024-04-09 10:166,192.168.158.130,1,host scan
2024-04-09 10:166,192.168.158.128,1,host scan
2024-04-09 10:168,192.168.158.128,1,host scan
2024-04-09 10:168,192.168.158.130,1,host scan
2024-04-09 10:171,192.168.158.130,2,host scan
2024-04-09 10:171,192.168.158.128,2,host scan
2024-04-09 10:176,192.168.158.131,1,host scan
2024-04-09 10:176,192.168.158.133,1,host scan
2024-04-09 10:177,192.168.158.128,1,host scan
2024-04-09 10:177,192.168.158.130,1,host scan
2024-04-09 10:178,192.168.158.1,4,host scan
2024-04-09 10:179,192.168.158.130,1,host scan
2024-04-09 10:179,192.168.158.128,1,host scan
2024-04-09 10:1710,192.168.158.1,6,host scan
2024-04-09 10:1711,192.168.158.1,1,host scan
2024-04-09 10:180,192.168.158.1,5,host scan
2024-04-09 10:180,192.168.158.128,1,host scan
2024-04-09 10:180,192.168.158.130,1,host scan
2024-04-09 10:184,192.168.158.130,1,host scan
2024-04-09 10:184,192.168.158.128,1,host scan
2024-04-09 10:187,192.168.158.128,1,host scan
2024-04-09 10:187,192.168.158.130,1,host scan
2024-04-09 10:1811,192.168.158.130,1,host scan
2024-04-09 10:1811,192.168.158.128,1,host scan
2024-04-09 10:192,192.168.158.128,1,host scan
2024-04-09 10:192,192.168.158.254,1,host scan
2024-04-09 10:193,192.168.158.128,1,host scan
2024-04-09 10:193,192.168.158.130,1,host scan
2024-04-09 10:196,192.168.158.130,1,host scan
2024-04-09 10:196,192.168.158.128,1,host scan
2024-04-09 10:198,192.168.158.1,4,host scan
2024-04-09 10:199,192.168.158.128,1,host scan
2024-04-09 10:199,192.168.158.131,1,host scan
2024-04-09 10:1910,192.168.158.1,5,host scan
2024-04-09 10:1910,192.168.158.128,1,host scan
2024-04-09 10:1910,192.168.158.130,1,host scan
2024-04-09 10:1911,192.168.158.1,2,host scan
2024-04-09 10:200,192.168.158.1,5,host scan
2024-04-09 10:201,192.168.158.130,1,host scan
2024-04-09 10:201,192.168.158.128,1,host scan
2024-04-09 10:205,192.168.158.128,1,host scan
2024-04-09 10:205,192.168.158.130,1,host scan
2024-04-09 10:208,192.168.158.130,2,host scan
2024-04-09 10:208,192.168.158.128,1,host scan
2024-04-09 10:208,192.168.158.131,1,host scan
2024-04-09 10:211,192.168.158.128,1,host scan
2024-04-09 10:211,192.168.158.130,1,host scan
2024-04-09 10:212,192.168.158.130,1,host scan
2024-04-09 10:212,192.168.158.128,1,host scan
2024-04-09 10:214,192.168.158.131,1,host scan
2024-04-09 10:214,192.168.158.132,1,host scan
2024-04-09 10:218,192.168.158.1,4,host scan
2024-04-09 10:218,192.168.158.128,1,host scan
2024-04-09 10:218,192.168.158.130,1,host scan
2024-04-09 10:219,192.168.158.130,1,host scan
2024-04-09 10:219,192.168.158.128,1,host scan
2024-04-09 10:2110,192.168.158.1,5,host scan
2024-04-09 10:2111,192.168.158.1,2,host scan
2024-04-09 10:220,192.168.158.1,5,host scan
2024-04-09 10:224,192.168.158.128,1,host scan
2024-04-09 10:224,192.168.158.130,1,host scan
2024-04-09 10:225,192.168.158.130,1,host scan
2024-04-09 10:225,192.168.158.128,1,host scan
2024-04-09 10:225,192.168.158.131,1,host scan
2024-04-09 10:225,192.168.158.254,1,host scan
2024-04-09 10:229,192.168.158.131,1,host scan
2024-04-09 10:229,192.168.158.133,1,host scan
2024-04-09 10:2211,192.168.158.128,1,host scan
2024-04-09 10:2211,192.168.158.130,1,host scan
2024-04-09 10:230,192.168.158.130,1,host scan
2024-04-09 10:230,192.168.158.128,1,host scan
2024-04-09 10:262,192.168.158.128,1,host scan
2024-04-09 10:262,192.168.158.131,1,host scan
2024-04-09 10:263,192.168.158.131,1,host scan
2024-04-09 10:263,192.168.158.128,2,host scan
2024-04-09 10:263,192.168.158.2,1,host scan
2024-04-10 19:561,192.168.158.128,507,host scan
2024-04-10 19:561,192.168.158.2,2,host scan
2024-04-10 19:561,192.168.158.1,1,host scan
2024-04-10 19:561,192.168.158.130,1,host scan
2024-04-10 19:561,192.168.158.132,1,host scan
2024-04-10 19:561,192.168.158.131,1,host scan
2024-04-10 19:561,192.168.158.133,1,host scan
2024-04-10 19:561,192.168.158.254,4,host scan
2024-04-10 19:562,192.168.158.132,1,host scan
2024-04-10 19:562,192.168.158.128,4,host scan
2024-04-10 19:562,192.168.158.133,1,host scan
2024-04-10 19:562,192.168.158.130,2,host scan
2024-04-10 19:562,192.168.158.131,2,host scan
2024-04-10 19:562,192.168.158.2,2,host scan
2024-04-10 19:563,192.168.158.132,1,host scan
2024-04-10 19:563,192.168.158.2,1,host scan
2024-04-10 19:564,192.168.158.133,1,host scan
2024-04-10 19:564,192.168.158.2,1,host scan
2024-04-10 19:567,192.168.158.130,1,host scan
2024-04-10 19:567,192.168.158.2,1,host scan
2024-04-10 19:568,192.168.158.1,4,host scan
2024-04-10 19:569,192.168.158.1,1,host scan
2024-04-10 19:5610,192.168.158.1,5,host scan
2024-04-10 19:5611,192.168.158.1,2,host scan
2024-04-10 19:5611,192.168.158.130,1,host scan
2024-04-10 19:5611,192.168.158.128,1,host scan
2024-04-10 19:570,192.168.158.1,4,host scan
2024-04-10 19:575,192.168.158.130,1,host scan
2024-04-10 19:575,192.168.158.128,1,host scan
2024-04-10 19:5710,192.168.158.130,1,host scan
2024-04-10 19:5710,192.168.158.128,1,host scan
2024-04-10 19:581,192.168.158.131,1,host scan
2024-04-10 19:581,192.168.158.254,1,host scan
2024-04-10 19:582,192.168.158.130,1,host scan
2024-04-10 19:582,192.168.158.2,2,host scan
2024-04-10 19:582,192.168.158.131,1,host scan
2024-04-10 19:582,192.168.158.133,2,host scan
2024-04-10 19:582,192.168.158.128,4,host scan
2024-04-10 19:582,192.168.158.132,2,host scan
2024-04-10 19:583,192.168.158.128,1,host scan
2024-04-10 19:583,192.168.158.254,1,host scan
2024-04-10 19:583,192.168.158.132,1,host scan
2024-04-10 19:583,192.168.158.2,1,host scan
2024-04-10 19:584,192.168.158.133,1,host scan
2024-04-10 19:584,192.168.158.2,1,host scan
2024-04-10 19:588,192.168.158.1,4,host scan
2024-04-10 19:589,192.168.158.1,1,host scan
2024-04-10 19:5810,192.168.158.1,5,host scan
2024-04-10 19:5811,192.168.158.1,2,host scan
2024-04-10 19:590,192.168.158.1,4,host scan
2024-04-10 19:590,192.168.158.128,1,host scan
2024-04-10 19:590,192.168.158.131,1,host scan
2024-04-10 19:594,192.168.158.131,1,host scan
2024-04-10 19:594,192.168.158.130,1,host scan
2024-04-10 19:597,192.168.158.131,1,host scan
2024-04-10 19:597,192.168.158.130,1,host scan
2024-04-10 19:597,192.168.158.2,4,host scan
2024-04-10 19:597,192.168.158.133,1,host scan
2024-04-10 19:597,192.168.158.132,1,host scan
2024-04-09 13:529,192.168.158.128,1,host scan
2024-04-09 13:529,192.168.158.130,1,host scan
2024-04-09 13:523,192.168.158.128,1,host scan
2024-04-09 13:523,192.168.158.131,1,host scan
2024-04-09 10:407,192.168.158.128,1,host scan
2024-04-09 10:407,192.168.158.132,1,host scan
2024-04-09 13:534,192.168.158.128,1,host scan
2024-04-09 13:534,192.168.158.133,1,host scan
2024-04-10 20:010,192.168.158.1,3,host scan
2024-04-10 20:010,192.168.158.128,507,host scan
2024-04-10 20:010,192.168.158.2,2,host scan
2024-04-10 20:010,192.168.158.132,1,host scan
2024-04-10 20:010,192.168.158.130,1,host scan
2024-04-10 20:010,192.168.158.131,2,host scan
2024-04-10 20:010,192.168.158.133,2,host scan
2024-04-10 20:010,192.168.158.254,4,host scan
2024-04-10 20:011,192.168.158.1,1,host scan
2024-04-10 20:011,192.168.158.128,6,host scan
2024-04-10 20:011,192.168.158.2,1,host scan
2024-04-10 20:011,192.168.158.133,1,host scan
2024-04-10 20:011,192.168.158.131,1,host scan
2024-04-10 20:011,192.168.158.130,1,host scan
2024-04-10 20:011,192.168.158.132,1,host scan
2024-04-09 11:4810,192.168.158.128,1,host scan
2024-04-09 11:4810,192.168.158.130,1,host scan
2024-04-09 10:395,192.168.158.128,1,host scan
2024-04-09 10:395,192.168.158.131,1,host scan
2024-04-09 11:483,192.168.158.128,1,host scan
2024-04-09 11:483,192.168.158.132,1,host scan
2024-04-09 11:4910,192.168.158.1,1,host scan
2024-04-09 11:4911,192.168.158.128,1,host scan
2024-04-09 11:4911,192.168.158.133,1,host scan
2024-04-09 11:4911,192.168.158.1,1,host scan
2024-04-10 19:5311,192.168.158.1,1,host scan
2024-04-10 19:540,192.168.158.1,5,host scan
2024-04-10 19:540,192.168.158.128,507,host scan
2024-04-10 19:540,192.168.158.2,2,host scan
2024-04-10 19:540,192.168.158.130,1,host scan
2024-04-10 19:540,192.168.158.131,1,host scan
2024-04-10 19:540,192.168.158.132,1,host scan
2024-04-10 19:540,192.168.158.133,1,host scan
2024-04-10 19:540,192.168.158.254,4,host scan
2024-04-10 19:541,192.168.158.132,1,host scan
2024-04-10 19:541,192.168.158.128,5,host scan
2024-04-10 19:541,192.168.158.133,1,host scan
2024-04-10 19:541,192.168.158.130,1,host scan
2024-04-10 19:541,192.168.158.131,1,host scan
2024-04-10 19:541,192.168.158.1,1,host scan
2024-04-10 13:265,192.168.158.2,1,host scan
2024-04-10 13:265,192.168.158.128,1,host scan
2024-04-10 13:267,192.168.158.133,1,host scan
2024-04-10 13:267,192.168.158.254,1,host scan
2024-04-10 13:267,192.168.158.1,1,host scan
2024-04-10 13:268,192.168.158.1,3,host scan
2024-04-10 13:269,192.168.158.1,2,host scan
2024-04-10 13:2610,192.168.158.1,4,host scan
2024-04-10 13:2611,192.168.158.1,3,host scan
2024-04-10 13:270,192.168.158.1,3,host scan
2024-04-10 13:285,192.168.158.131,1,host scan
2024-04-10 13:285,192.168.158.130,1,host scan
2024-04-10 13:287,192.168.158.1,1,host scan
2024-04-10 13:288,192.168.158.1,3,host scan
