Timestamp,Src_IP,Dst_IP,Type,Code,Payload_Length,label
2024-04-10 19:39:28,192.168.158.128,192.168.158.1,3,3,,port scan
2024-04-10 19:39:29,192.168.158.128,192.168.158.1,3,3,,port scan
2024-04-10 19:39:29,192.168.158.128,192.168.158.1,3,3,,port scan
2024-04-10 19:39:30,192.168.158.128,192.168.158.1,3,3,,port scan
2024-04-10 19:39:31,192.168.158.128,192.168.158.1,3,3,,port scan
2024-04-10 19:39:31,192.168.158.128,192.168.158.1,3,3,,port scan
2024-04-10 19:39:32,192.168.158.128,192.168.158.1,3,3,,port scan
2024-04-10 19:39:32,192.168.158.128,192.168.158.1,3,3,,port scan
2024-04-10 19:39:32,192.168.158.128,192.168.158.1,3,3,,port scan
2024-04-10 19:39:33,192.168.158.128,192.168.158.1,3,3,,port scan
2024-04-10 19:39:33,192.168.158.128,192.168.158.1,3,3,,port scan
2024-04-10 19:39:35,192.168.158.128,192.168.158.1,3,3,,port scan
2024-04-09 10:09:09,192.168.158.130,192.168.158.128,3,3,,port scan
2024-04-09 10:09:09,192.168.158.130,192.168.158.128,3,3,,port scan
2024-04-09 10:09:09,192.168.158.130,192.168.158.128,3,3,72,port scan
2024-04-09 10:09:09,192.168.158.130,192.168.158.128,3,3,,port scan
2024-04-09 10:09:09,192.168.158.130,192.168.158.128,3,3,12,port scan
2024-04-09 10:09:09,192.168.158.130,192.168.158.128,3,3,,port scan
2024-04-09 10:09:10,192.168.158.130,192.168.158.128,3,3,,port scan
2024-04-09 10:09:11,192.168.158.130,192.168.158.128,3,3,8,port scan
2024-04-09 10:09:12,192.168.158.130,192.168.158.128,3,3,40,port scan
2024-04-09 10:09:13,192.168.158.130,192.168.158.128,3,3,,port scan
2024-04-09 10:09:14,192.168.158.130,192.168.158.128,3,3,40,port scan
2024-04-09 10:09:15,192.168.158.130,192.168.158.128,3,3,,port scan
2024-04-09 10:09:16,192.168.158.130,192.168.158.128,3,3,,port scan
2024-04-09 10:09:17,192.168.158.130,192.168.158.128,3,3,,port scan
2024-04-09 10:09:18,192.168.158.130,192.168.158.128,3,3,40,port scan
2024-04-09 10:09:20,192.168.158.130,192.168.158.128,3,3,40,port scan
2024-04-09 10:09:20,192.168.158.130,192.168.158.128,3,3,,port scan
2024-04-09 10:09:21,192.168.158.130,192.168.158.128,3,3,40,port scan
2024-04-09 10:09:23,192.168.158.130,192.168.158.128,3,3,,port scan
2024-04-09 10:09:24,192.168.158.130,192.168.158.128,3,3,,port scan
2024-04-09 10:09:25,192.168.158.130,192.168.158.128,3,3,,port scan
2024-04-09 10:09:25,192.168.158.130,192.168.158.128,3,3,,port scan
2024-04-09 10:09:26,192.168.158.130,192.168.158.128,3,3,,port scan
2024-04-09 10:09:27,192.168.158.130,192.168.158.128,3,3,,port scan
2024-04-09 10:09:28,192.168.158.130,192.168.158.128,3,3,,port scan
2024-04-09 10:09:29,192.168.158.130,192.168.158.128,3,3,,port scan
2024-04-09 10:09:30,192.168.158.130,192.168.158.128,3,3,,port scan
2024-04-09 10:09:31,192.168.158.130,192.168.158.128,3,3,,port scan
2024-04-09 10:09:32,192.168.158.130,192.168.158.128,3,3,,port scan
2024-04-09 10:09:33,192.168.158.130,192.168.158.128,3,3,,port scan
2024-04-09 10:09:34,192.168.158.130,192.168.158.128,3,3,40,port scan
2024-04-09 10:09:35,192.168.158.130,192.168.158.128,3,3,,port scan
2024-04-09 10:09:36,192.168.158.130,192.168.158.128,3,3,40,port scan
2024-04-09 10:09:37,192.168.158.130,192.168.158.128,3,3,,port scan
2024-04-09 10:09:38,192.168.158.130,192.168.158.128,3,3,40,port scan
2024-04-09 10:09:39,192.168.158.130,192.168.158.128,3,3,,port scan
2024-04-09 10:09:40,192.168.158.130,192.168.158.128,3,3,,port scan
2024-04-09 10:09:41,192.168.158.130,192.168.158.128,3,3,,port scan
2024-04-09 10:09:42,192.168.158.130,192.168.158.128,3,3,42,port scan
2024-04-09 10:09:43,192.168.158.130,192.168.158.128,3,3,,port scan
2024-04-09 10:09:44,192.168.158.130,192.168.158.128,3,3,,port scan
2024-04-09 10:09:45,192.168.158.130,192.168.158.128,3,3,72,port scan
2024-04-09 10:09:46,192.168.158.130,192.168.158.128,3,3,40,port scan
2024-04-09 10:09:47,192.168.158.130,192.168.158.128,3,3,,port scan
2024-04-09 10:09:48,192.168.158.130,192.168.158.128,3,3,,port scan
2024-04-09 10:09:49,192.168.158.130,192.168.158.128,3,3,42,port scan
2024-04-09 10:09:50,192.168.158.130,192.168.158.128,3,3,,port scan
2024-04-09 10:09:51,192.168.158.130,192.168.158.128,3,3,42,port scan
2024-04-09 10:09:52,192.168.158.130,192.168.158.128,3,3,40,port scan
2024-04-09 10:09:53,192.168.158.130,192.168.158.128,3,3,72,port scan
2024-04-09 10:09:54,192.168.158.130,192.168.158.128,3,3,,port scan
2024-04-09 10:09:55,192.168.158.130,192.168.158.128,3,3,,port scan
2024-04-09 10:09:56,192.168.158.130,192.168.158.128,3,3,,port scan
2024-04-09 10:09:57,192.168.158.130,192.168.158.128,3,3,,port scan
2024-04-09 10:09:58,192.168.158.130,192.168.158.128,3,3,72,port scan
2024-04-09 10:09:59,192.168.158.130,192.168.158.128,3,3,40,port scan
2024-04-09 10:10:00,192.168.158.130,192.168.158.128,3,3,40,port scan
2024-04-09 10:10:01,192.168.158.130,192.168.158.128,3,3,,port scan
2024-04-09 10:10:02,192.168.158.130,192.168.158.128,3,3,,port scan
2024-04-09 10:10:03,192.168.158.130,192.168.158.128,3,3,40,port scan
2024-04-09 10:10:04,192.168.158.130,192.168.158.128,3,3,,port scan
2024-04-09 10:10:05,192.168.158.130,192.168.158.128,3,3,,port scan
2024-04-09 10:10:06,192.168.158.130,192.168.158.128,3,3,40,port scan
2024-04-09 10:10:07,192.168.158.130,192.168.158.128,3,3,40,port scan
2024-04-09 10:10:08,192.168.158.130,192.168.158.128,3,3,,port scan
2024-04-09 10:10:09,192.168.158.130,192.168.158.128,3,3,,port scan
2024-04-09 10:10:10,192.168.158.130,192.168.158.128,3,3,40,port scan
2024-04-09 10:10:11,192.168.158.130,192.168.158.128,3,3,,port scan
2024-04-09 10:10:12,192.168.158.130,192.168.158.128,3,3,2,port scan
2024-04-09 10:10:13,192.168.158.130,192.168.158.128,3,3,,port scan
2024-04-09 10:10:14,192.168.158.130,192.168.158.128,3,3,40,port scan
2024-04-09 10:10:15,192.168.158.130,192.168.158.128,3,3,,port scan
2024-04-09 10:10:16,192.168.158.130,192.168.158.128,3,3,40,port scan
2024-04-09 10:10:17,192.168.158.130,192.168.158.128,3,3,,port scan
2024-04-09 10:10:18,192.168.158.130,192.168.158.128,3,3,40,port scan
2024-04-09 10:10:19,192.168.158.130,192.168.158.128,3,3,40,port scan
2024-04-09 10:10:20,192.168.158.130,192.168.158.128,3,3,,port scan
2024-04-09 10:10:21,192.168.158.130,192.168.158.128,3,3,,port scan
2024-04-09 10:10:22,192.168.158.130,192.168.158.128,3,3,40,port scan
2024-04-09 10:10:23,192.168.158.130,192.168.158.128,3,3,51,port scan
2024-04-09 10:10:25,192.168.158.130,192.168.158.128,3,3,,port scan
2024-04-09 10:10:26,192.168.158.130,192.168.158.128,3,3,,port scan
2024-04-09 10:10:27,192.168.158.130,192.168.158.128,3,3,46,port scan
2024-04-09 10:10:28,192.168.158.130,192.168.158.128,3,3,,port scan
2024-04-09 10:10:29,192.168.158.130,192.168.158.128,3,3,,port scan
2024-04-09 10:10:30,192.168.158.130,192.168.158.128,3,3,,port scan
2024-04-09 10:10:31,192.168.158.130,192.168.158.128,3,3,40,port scan
2024-04-09 10:10:32,192.168.158.130,192.168.158.128,3,3,,port scan
2024-04-09 10:10:33,192.168.158.130,192.168.158.128,3,3,,port scan
2024-04-09 10:10:34,192.168.158.130,192.168.158.128,3,3,,port scan
2024-04-09 10:10:35,192.168.158.130,192.168.158.128,3,3,40,port scan
2024-04-09 10:10:36,192.168.158.130,192.168.158.128,3,3,40,port scan
2024-04-09 10:10:37,192.168.158.130,192.168.158.128,3,3,40,port scan
2024-04-09 10:10:38,192.168.158.130,192.168.158.128,3,3,,port scan
2024-04-09 10:10:39,192.168.158.130,192.168.158.128,3,3,40,port scan
2024-04-09 10:10:40,192.168.158.130,192.168.158.128,3,3,40,port scan
2024-04-09 10:10:41,192.168.158.130,192.168.158.128,3,3,40,port scan
2024-04-09 10:10:42,192.168.158.130,192.168.158.128,3,3,,port scan
2024-04-09 10:10:43,192.168.158.130,192.168.158.128,3,3,,port scan
2024-04-09 10:10:44,192.168.158.130,192.168.158.128,3,3,,port scan
2024-04-09 10:10:45,192.168.158.130,192.168.158.128,3,3,,port scan
2024-04-09 10:10:46,192.168.158.130,192.168.158.128,3,3,,port scan
2024-04-09 10:10:47,192.168.158.130,192.168.158.128,3,3,,port scan
2024-04-09 10:10:48,192.168.158.130,192.168.158.128,3,3,,port scan
2024-04-09 10:10:49,192.168.158.130,192.168.158.128,3,3,,port scan
2024-04-09 10:10:50,192.168.158.130,192.168.158.128,3,3,40,port scan
2024-04-09 10:10:51,192.168.158.130,192.168.158.128,3,3,72,port scan
2024-04-09 10:10:52,192.168.158.130,192.168.158.128,3,3,,port scan
2024-04-09 10:10:53,192.168.158.130,192.168.158.128,3,3,40,port scan
2024-04-09 10:10:54,192.168.158.130,192.168.158.128,3,3,,port scan
2024-04-09 10:10:55,192.168.158.130,192.168.158.128,3,3,40,port scan
2024-04-09 10:10:56,192.168.158.130,192.168.158.128,3,3,40,port scan
2024-04-09 10:10:57,192.168.158.130,192.168.158.128,3,3,,port scan
2024-04-09 10:10:58,192.168.158.130,192.168.158.128,3,3,,port scan
2024-04-09 10:10:59,192.168.158.130,192.168.158.128,3,3,72,port scan
2024-04-09 10:11:00,192.168.158.130,192.168.158.128,3,3,,port scan
2024-04-09 10:11:01,192.168.158.130,192.168.158.128,3,3,,port scan
2024-04-09 10:11:02,192.168.158.130,192.168.158.128,3,3,,port scan
2024-04-09 10:11:03,192.168.158.130,192.168.158.128,3,3,40,port scan
2024-04-09 10:11:04,192.168.158.130,192.168.158.128,3,3,40,port scan
2024-04-09 10:11:05,192.168.158.130,192.168.158.128,3,3,,port scan
2024-04-09 10:11:06,192.168.158.130,192.168.158.128,3,3,,port scan
2024-04-09 10:11:07,192.168.158.130,192.168.158.128,3,3,40,port scan
2024-04-09 10:11:08,192.168.158.130,192.168.158.128,3,3,40,port scan
2024-04-09 10:11:09,192.168.158.130,192.168.158.128,3,3,,port scan
2024-04-09 10:11:10,192.168.158.130,192.168.158.128,3,3,72,port scan
2024-04-09 10:11:11,192.168.158.130,192.168.158.128,3,3,72,port scan
2024-04-09 10:11:12,192.168.158.130,192.168.158.128,3,3,,port scan
2024-04-09 10:11:13,192.168.158.130,192.168.158.128,3,3,,port scan
2024-04-09 10:11:14,192.168.158.130,192.168.158.128,3,3,72,port scan
2024-04-09 10:11:15,192.168.158.130,192.168.158.128,3,3,,port scan
2024-04-09 10:11:16,192.168.158.130,192.168.158.128,3,3,,port scan
2024-04-09 10:11:17,192.168.158.130,192.168.158.128,3,3,40,port scan
2024-04-09 10:11:18,192.168.158.130,192.168.158.128,3,3,40,port scan
2024-04-09 10:11:19,192.168.158.130,192.168.158.128,3,3,40,port scan
2024-04-09 10:11:20,192.168.158.130,192.168.158.128,3,3,,port scan
2024-04-09 10:11:21,192.168.158.130,192.168.158.128,3,3,40,port scan
2024-04-09 10:11:22,192.168.158.130,192.168.158.128,3,3,,port scan
2024-04-09 10:11:23,192.168.158.130,192.168.158.128,3,3,40,port scan
2024-04-09 10:11:24,192.168.158.130,192.168.158.128,3,3,,port scan
2024-04-09 10:11:25,192.168.158.130,192.168.158.128,3,3,,port scan
2024-04-09 10:11:26,192.168.158.130,192.168.158.128,3,3,,port scan
2024-04-09 10:11:27,192.168.158.130,192.168.158.128,3,3,,port scan
2024-04-09 10:11:28,192.168.158.130,192.168.158.128,3,3,,port scan
2024-04-09 10:11:29,192.168.158.130,192.168.158.128,3,3,,port scan
2024-04-09 10:11:30,192.168.158.130,192.168.158.128,3,3,7,port scan
2024-04-09 10:11:31,192.168.158.130,192.168.158.128,3,3,40,port scan
2024-04-09 10:11:32,192.168.158.130,192.168.158.128,3,3,40,port scan
2024-04-09 10:11:33,192.168.158.130,192.168.158.128,3,3,,port scan
2024-04-09 10:11:34,192.168.158.130,192.168.158.128,3,3,72,port scan
2024-04-09 10:11:35,192.168.158.130,192.168.158.128,3,3,,port scan
2024-04-09 10:11:36,192.168.158.130,192.168.158.128,3,3,,port scan
2024-04-09 10:11:37,192.168.158.130,192.168.158.128,3,3,,port scan
2024-04-09 10:11:38,192.168.158.130,192.168.158.128,3,3,72,port scan
2024-04-09 10:11:39,192.168.158.130,192.168.158.128,3,3,,port scan
2024-04-09 10:11:40,192.168.158.130,192.168.158.128,3,3,,port scan
2024-04-09 10:11:41,192.168.158.130,192.168.158.128,3,3,,port scan
2024-04-09 10:11:42,192.168.158.130,192.168.158.128,3,3,,port scan
2024-04-09 10:11:43,192.168.158.130,192.168.158.128,3,3,,port scan
2024-04-09 10:11:44,192.168.158.130,192.168.158.128,3,3,40,port scan
2024-04-09 10:11:45,192.168.158.128,192.168.158.130,3,3,24,port scan
2024-04-09 10:11:45,192.168.158.128,192.168.158.130,3,3,24,port scan
2024-04-09 10:11:46,192.168.158.130,192.168.158.128,3,3,23,port scan
2024-04-09 10:11:46,192.168.158.130,192.168.158.128,3,3,12,port scan
2024-04-09 10:11:47,192.168.158.130,192.168.158.128,3,3,40,port scan
2024-04-09 10:11:48,192.168.158.130,192.168.158.128,3,3,,port scan
2024-04-09 10:11:49,192.168.158.130,192.168.158.128,3,3,,port scan
2024-04-09 10:11:50,192.168.158.130,192.168.158.128,3,3,,port scan
2024-04-09 10:11:51,192.168.158.130,192.168.158.128,3,3,,port scan
2024-04-09 10:11:52,192.168.158.130,192.168.158.128,3,3,40,port scan
2024-04-09 10:11:53,192.168.158.130,192.168.158.128,3,3,,port scan
2024-04-09 10:11:54,192.168.158.130,192.168.158.128,3,3,,port scan
2024-04-09 10:11:55,192.168.158.130,192.168.158.128,3,3,,port scan
2024-04-09 10:11:56,192.168.158.130,192.168.158.128,3,3,,port scan
2024-04-09 10:11:57,192.168.158.130,192.168.158.128,3,3,40,port scan
2024-04-09 10:11:58,192.168.158.130,192.168.158.128,3,3,40,port scan
2024-04-09 10:11:59,192.168.158.130,192.168.158.128,3,3,,port scan
2024-04-09 10:12:00,192.168.158.130,192.168.158.128,3,3,,port scan
2024-04-09 10:12:01,192.168.158.130,192.168.158.128,3,3,,port scan
2024-04-09 10:12:02,192.168.158.130,192.168.158.128,3,3,,port scan
2024-04-09 10:12:03,192.168.158.130,192.168.158.128,3,3,,port scan
2024-04-09 10:12:04,192.168.158.130,192.168.158.128,3,3,,port scan
2024-04-09 10:12:05,192.168.158.130,192.168.158.128,3,3,,port scan
2024-04-09 10:12:06,192.168.158.130,192.168.158.128,3,3,,port scan
2024-04-09 10:12:07,192.168.158.130,192.168.158.128,3,3,40,port scan
2024-04-09 10:12:08,192.168.158.130,192.168.158.128,3,3,,port scan
2024-04-09 10:12:09,192.168.158.130,192.168.158.128,3,3,,port scan
2024-04-09 10:12:10,192.168.158.130,192.168.158.128,3,3,,port scan
2024-04-09 10:12:11,192.168.158.130,192.168.158.128,3,3,40,port scan
2024-04-09 10:12:12,192.168.158.130,192.168.158.128,3,3,,port scan
2024-04-09 10:12:13,192.168.158.130,192.168.158.128,3,3,,port scan
2024-04-09 10:12:14,192.168.158.130,192.168.158.128,3,3,,port scan
2024-04-09 10:12:15,192.168.158.130,192.168.158.128,3,3,,port scan
2024-04-09 10:12:16,192.168.158.130,192.168.158.128,3,3,,port scan
2024-04-09 10:12:17,192.168.158.130,192.168.158.128,3,3,,port scan
2024-04-09 10:12:18,192.168.158.130,192.168.158.128,3,3,40,port scan
2024-04-09 10:12:19,192.168.158.130,192.168.158.128,3,3,,port scan
2024-04-09 10:12:20,192.168.158.130,192.168.158.128,3,3,40,port scan
2024-04-09 10:12:21,192.168.158.130,192.168.158.128,3,3,40,port scan
2024-04-09 10:12:22,192.168.158.130,192.168.158.128,3,3,,port scan
2024-04-09 10:12:23,192.168.158.130,192.168.158.128,3,3,40,port scan
2024-04-09 10:12:24,192.168.158.130,192.168.158.128,3,3,,port scan
2024-04-09 10:12:25,192.168.158.130,192.168.158.128,3,3,,port scan
2024-04-09 10:12:27,192.168.158.130,192.168.158.128,3,3,,port scan
2024-04-09 10:12:38,192.168.158.130,192.168.158.128,3,3,40,port scan
2024-04-09 10:12:39,192.168.158.130,192.168.158.128,3,3,,port scan
2024-04-09 10:12:40,192.168.158.130,192.168.158.128,3,3,40,port scan
2024-04-09 10:12:41,192.168.158.130,192.168.158.128,3,3,,port scan
2024-04-09 10:12:42,192.168.158.130,192.168.158.128,3,3,,port scan
2024-04-09 10:12:43,192.168.158.130,192.168.158.128,3,3,,port scan
2024-04-09 10:12:44,192.168.158.130,192.168.158.128,3,3,40,port scan
2024-04-09 10:12:45,192.168.158.130,192.168.158.128,3,3,,port scan
2024-04-09 10:12:46,192.168.158.130,192.168.158.128,3,3,,port scan
2024-04-09 10:12:47,192.168.158.130,192.168.158.128,3,3,40,port scan
2024-04-09 10:12:48,192.168.158.130,192.168.158.128,3,3,,port scan
2024-04-09 10:12:49,192.168.158.130,192.168.158.128,3,3,,port scan
2024-04-09 10:12:50,192.168.158.130,192.168.158.128,3,3,40,port scan
2024-04-09 10:12:51,192.168.158.130,192.168.158.128,3,3,40,port scan
2024-04-09 10:12:52,192.168.158.130,192.168.158.128,3,3,72,port scan
2024-04-09 10:12:53,192.168.158.130,192.168.158.128,3,3,40,port scan
2024-04-09 10:12:54,192.168.158.130,192.168.158.128,3,3,40,port scan
2024-04-09 10:12:54,192.168.158.130,192.168.158.128,3,3,40,port scan
2024-04-09 10:12:55,192.168.158.130,192.168.158.128,3,3,72,port scan
2024-04-09 10:12:56,192.168.158.130,192.168.158.128,3,3,40,port scan
2024-04-09 10:12:57,192.168.158.130,192.168.158.128,3,3,72,port scan
2024-04-09 10:12:58,192.168.158.130,192.168.158.128,3,3,40,port scan
2024-04-09 10:12:59,192.168.158.130,192.168.158.128,3,3,,port scan
2024-04-09 10:13:00,192.168.158.130,192.168.158.128,3,3,40,port scan
2024-04-09 10:13:01,192.168.158.130,192.168.158.128,3,3,,port scan
2024-04-09 10:13:02,192.168.158.130,192.168.158.128,3,3,,port scan
2024-04-09 10:13:03,192.168.158.130,192.168.158.128,3,3,,port scan
2024-04-09 10:13:04,192.168.158.130,192.168.158.128,3,3,,port scan
2024-04-09 10:13:05,192.168.158.130,192.168.158.128,3,3,72,port scan
2024-04-09 10:13:06,192.168.158.130,192.168.158.128,3,3,72,port scan
2024-04-09 10:13:07,192.168.158.130,192.168.158.128,3,3,40,port scan
2024-04-09 10:13:08,192.168.158.130,192.168.158.128,3,3,,port scan
2024-04-09 10:13:09,192.168.158.130,192.168.158.128,3,3,40,port scan
2024-04-09 10:13:10,192.168.158.130,192.168.158.128,3,3,40,port scan
2024-04-09 10:13:11,192.168.158.130,192.168.158.128,3,3,,port scan
2024-04-09 10:13:12,192.168.158.130,192.168.158.128,3,3,40,port scan
2024-04-09 10:13:13,192.168.158.130,192.168.158.128,3,3,,port scan
2024-04-09 10:13:14,192.168.158.130,192.168.158.128,3,3,40,port scan
2024-04-09 10:13:15,192.168.158.130,192.168.158.128,3,3,72,port scan
2024-04-09 10:13:16,192.168.158.130,192.168.158.128,3,3,,port scan
2024-04-09 10:13:17,192.168.158.130,192.168.158.128,3,3,,port scan
2024-04-09 10:13:18,192.168.158.130,192.168.158.128,3,3,,port scan
2024-04-09 10:13:19,192.168.158.130,192.168.158.128,3,3,,port scan
2024-04-09 10:13:20,192.168.158.130,192.168.158.128,3,3,,port scan
2024-04-09 10:13:21,192.168.158.130,192.168.158.128,3,3,,port scan
2024-04-09 10:13:22,192.168.158.130,192.168.158.128,3,3,40,port scan
2024-04-09 10:13:23,192.168.158.130,192.168.158.128,3,3,,port scan
2024-04-09 10:13:24,192.168.158.130,192.168.158.128,3,3,40,port scan
2024-04-09 10:13:25,192.168.158.130,192.168.158.128,3,3,,port scan
2024-04-09 10:13:26,192.168.158.130,192.168.158.128,3,3,,port scan
2024-04-09 10:13:27,192.168.158.130,192.168.158.128,3,3,,port scan
2024-04-09 10:13:29,192.168.158.130,192.168.158.128,3,3,,port scan
2024-04-09 10:13:39,192.168.158.130,192.168.158.128,3,3,40,port scan
2024-04-09 10:13:40,192.168.158.130,192.168.158.128,3,3,40,port scan
2024-04-09 10:13:41,192.168.158.130,192.168.158.128,3,3,42,port scan
2024-04-09 10:13:41,192.168.158.130,192.168.158.128,3,3,40,port scan
2024-04-09 10:13:42,192.168.158.130,192.168.158.128,3,3,,port scan
2024-04-09 10:13:43,192.168.158.130,192.168.158.128,3,3,,port scan
2024-04-09 10:13:44,192.168.158.130,192.168.158.128,3,3,,port scan
2024-04-09 10:13:45,192.168.158.130,192.168.158.128,3,3,,port scan
2024-04-09 10:13:46,192.168.158.130,192.168.158.128,3,3,40,port scan
2024-04-09 10:13:46,192.168.158.130,192.168.158.128,3,3,40,port scan
2024-04-09 10:13:47,192.168.158.130,192.168.158.128,3,3,40,port scan
2024-04-09 10:13:48,192.168.158.130,192.168.158.128,3,3,,port scan
2024-04-09 10:13:49,192.168.158.130,192.168.158.128,3,3,40,port scan
2024-04-09 10:13:50,192.168.158.130,192.168.158.128,3,3,40,port scan
2024-04-09 10:13:51,192.168.158.130,192.168.158.128,3,3,,port scan
2024-04-09 10:13:52,192.168.158.130,192.168.158.128,3,3,,port scan
2024-04-09 10:13:53,192.168.158.130,192.168.158.128,3,3,40,port scan
2024-04-09 10:13:54,192.168.158.130,192.168.158.128,3,3,40,port scan
2024-04-09 10:13:55,192.168.158.130,192.168.158.128,3,3,,port scan
2024-04-09 10:13:56,192.168.158.130,192.168.158.128,3,3,42,port scan
2024-04-09 10:13:56,192.168.158.130,192.168.158.128,3,3,40,port scan
2024-04-09 10:13:57,192.168.158.130,192.168.158.128,3,3,40,port scan
2024-04-09 10:13:57,192.168.158.130,192.168.158.128,3,3,40,port scan
2024-04-09 10:13:59,192.168.158.130,192.168.158.128,3,3,,port scan
2024-04-09 10:14:00,192.168.158.130,192.168.158.128,3,3,40,port scan
2024-04-09 10:14:01,192.168.158.130,192.168.158.128,3,3,,port scan
2024-04-09 10:14:02,192.168.158.130,192.168.158.128,3,3,72,port scan
2024-04-09 10:14:03,192.168.158.130,192.168.158.128,3,3,40,port scan
2024-04-09 10:14:04,192.168.158.130,192.168.158.128,3,3,40,port scan
2024-04-09 10:14:05,192.168.158.130,192.168.158.128,3,3,,port scan
2024-04-09 10:14:06,192.168.158.130,192.168.158.128,3,3,,port scan
2024-04-09 10:14:07,192.168.158.130,192.168.158.128,3,3,40,port scan
2024-04-09 10:14:08,192.168.158.130,192.168.158.128,3,3,,port scan
2024-04-09 10:14:09,192.168.158.130,192.168.158.128,3,3,,port scan
2024-04-09 10:14:10,192.168.158.130,192.168.158.128,3,3,,port scan
2024-04-09 10:14:11,192.168.158.130,192.168.158.128,3,3,,port scan
2024-04-09 10:14:12,192.168.158.130,192.168.158.128,3,3,40,port scan
2024-04-09 10:14:13,192.168.158.130,192.168.158.128,3,3,72,port scan
2024-04-09 10:14:14,192.168.158.130,192.168.158.128,3,3,,port scan
2024-04-09 10:14:15,192.168.158.130,192.168.158.128,3,3,40,port scan
2024-04-09 10:14:16,192.168.158.130,192.168.158.128,3,3,,port scan
2024-04-09 10:14:17,192.168.158.130,192.168.158.128,3,3,,port scan
2024-04-09 10:14:18,192.168.158.130,192.168.158.128,3,3,,port scan
2024-04-09 10:14:19,192.168.158.130,192.168.158.128,3,3,,port scan
2024-04-09 10:14:20,192.168.158.130,192.168.158.128,3,3,40,port scan
2024-04-09 10:14:21,192.168.158.130,192.168.158.128,3,3,,port scan
2024-04-09 10:14:22,192.168.158.130,192.168.158.128,3,3,,port scan
2024-04-09 10:14:23,192.168.158.130,192.168.158.128,3,3,,port scan
2024-04-09 10:14:24,192.168.158.130,192.168.158.128,3,3,40,port scan
2024-04-09 10:14:25,192.168.158.130,192.168.158.128,3,3,,port scan
2024-04-09 10:14:26,192.168.158.130,192.168.158.128,3,3,,port scan
2024-04-09 10:14:27,192.168.158.130,192.168.158.128,3,3,,port scan
2024-04-09 10:14:28,192.168.158.130,192.168.158.128,3,3,,port scan
2024-04-09 10:14:29,192.168.158.130,192.168.158.128,3,3,,port scan
2024-04-09 10:14:30,192.168.158.130,192.168.158.128,3,3,72,port scan
2024-04-09 10:14:31,192.168.158.130,192.168.158.128,3,3,40,port scan
2024-04-09 10:14:32,192.168.158.130,192.168.158.128,3,3,,port scan
2024-04-09 10:14:33,192.168.158.130,192.168.158.128,3,3,72,port scan
2024-04-09 10:14:34,192.168.158.130,192.168.158.128,3,3,40,port scan
2024-04-09 10:14:35,192.168.158.130,192.168.158.128,3,3,,port scan
2024-04-09 10:14:36,192.168.158.130,192.168.158.128,3,3,,port scan
2024-04-09 10:14:37,192.168.158.130,192.168.158.128,3,3,,port scan
2024-04-09 10:14:38,192.168.158.130,192.168.158.128,3,3,,port scan
2024-04-09 10:14:39,192.168.158.130,192.168.158.128,3,3,,port scan
2024-04-09 10:14:40,192.168.158.130,192.168.158.128,3,3,,port scan
2024-04-09 10:14:41,192.168.158.130,192.168.158.128,3,3,40,port scan
2024-04-09 10:14:42,192.168.158.130,192.168.158.128,3,3,40,port scan
2024-04-09 10:14:43,192.168.158.130,192.168.158.128,3,3,40,port scan
2024-04-09 10:14:44,192.168.158.130,192.168.158.128,3,3,,port scan
2024-04-09 10:14:45,192.168.158.130,192.168.158.128,3,3,40,port scan
2024-04-09 10:14:46,192.168.158.130,192.168.158.128,3,3,14,port scan
2024-04-09 10:14:46,192.168.158.130,192.168.158.128,3,3,67,port scan
2024-04-09 10:14:46,192.168.158.130,192.168.158.128,3,3,14,port scan
2024-04-09 10:14:47,192.168.158.130,192.168.158.128,3,3,8,port scan
2024-04-09 10:14:48,192.168.158.130,192.168.158.128,3,3,,port scan
2024-04-09 10:14:49,192.168.158.130,192.168.158.128,3,3,,port scan
2024-04-09 10:14:50,192.168.158.130,192.168.158.128,3,3,40,port scan
2024-04-09 10:14:51,192.168.158.130,192.168.158.128,3,3,40,port scan
2024-04-09 10:14:52,192.168.158.130,192.168.158.128,3,3,,port scan
2024-04-09 10:14:53,192.168.158.130,192.168.158.128,3,3,,port scan
2024-04-09 10:14:54,192.168.158.130,192.168.158.128,3,3,40,port scan
2024-04-09 10:14:55,192.168.158.130,192.168.158.128,3,3,,port scan
2024-04-09 10:14:56,192.168.158.130,192.168.158.128,3,3,,port scan
2024-04-09 10:14:57,192.168.158.130,192.168.158.128,3,3,,port scan
2024-04-09 10:14:58,192.168.158.130,192.168.158.128,3,3,,port scan
2024-04-09 10:14:59,192.168.158.130,192.168.158.128,3,3,,port scan
2024-04-09 10:15:00,192.168.158.130,192.168.158.128,3,3,40,port scan
2024-04-09 10:15:01,192.168.158.130,192.168.158.128,3,3,40,port scan
2024-04-09 10:15:02,192.168.158.130,192.168.158.128,3,3,,port scan
2024-04-09 10:15:03,192.168.158.130,192.168.158.128,3,3,40,port scan
2024-04-09 10:15:04,192.168.158.130,192.168.158.128,3,3,40,port scan
2024-04-09 10:15:05,192.168.158.130,192.168.158.128,3,3,40,port scan
2024-04-09 10:15:06,192.168.158.130,192.168.158.128,3,3,,port scan
2024-04-09 10:15:07,192.168.158.130,192.168.158.128,3,3,,port scan
2024-04-09 10:15:08,192.168.158.130,192.168.158.128,3,3,40,port scan
2024-04-09 10:15:09,192.168.158.130,192.168.158.128,3,3,,port scan
2024-04-09 10:15:10,192.168.158.130,192.168.158.128,3,3,,port scan
2024-04-09 10:15:11,192.168.158.130,192.168.158.128,3,3,,port scan
2024-04-09 10:15:12,192.168.158.130,192.168.158.128,3,3,40,port scan
2024-04-09 10:15:13,192.168.158.130,192.168.158.128,3,3,40,port scan
2024-04-09 10:15:14,192.168.158.130,192.168.158.128,3,3,,port scan
2024-04-09 10:15:15,192.168.158.130,192.168.158.128,3,3,40,port scan
2024-04-09 10:15:16,192.168.158.130,192.168.158.128,3,3,40,port scan
2024-04-09 10:15:17,192.168.158.130,192.168.158.128,3,3,,port scan
2024-04-09 10:15:18,192.168.158.130,192.168.158.128,3,3,40,port scan
2024-04-09 10:15:19,192.168.158.130,192.168.158.128,3,3,,port scan
2024-04-09 10:15:20,192.168.158.130,192.168.158.128,3,3,,port scan
2024-04-09 10:15:21,192.168.158.130,192.168.158.128,3,3,40,port scan
2024-04-09 10:15:22,192.168.158.130,192.168.158.128,3,3,,port scan
2024-04-09 10:15:23,192.168.158.130,192.168.158.128,3,3,,port scan
2024-04-09 10:15:24,192.168.158.130,192.168.158.128,3,3,,port scan
2024-04-09 10:15:25,192.168.158.130,192.168.158.128,3,3,,port scan
2024-04-09 10:15:26,192.168.158.130,192.168.158.128,3,3,72,port scan
2024-04-09 10:15:27,192.168.158.130,192.168.158.128,3,3,40,port scan
2024-04-09 10:15:28,192.168.158.130,192.168.158.128,3,3,72,port scan
2024-04-09 10:15:29,192.168.158.130,192.168.158.128,3,3,,port scan
2024-04-09 10:15:30,192.168.158.130,192.168.158.128,3,3,,port scan
2024-04-09 10:15:31,192.168.158.130,192.168.158.128,3,3,,port scan
2024-04-09 10:15:32,192.168.158.130,192.168.158.128,3,3,40,port scan
2024-04-09 10:15:33,192.168.158.130,192.168.158.128,3,3,,port scan
2024-04-09 10:15:34,192.168.158.130,192.168.158.128,3,3,,port scan
2024-04-09 10:15:35,192.168.158.130,192.168.158.128,3,3,,port scan
2024-04-09 10:15:36,192.168.158.130,192.168.158.128,3,3,40,port scan
2024-04-09 10:15:37,192.168.158.130,192.168.158.128,3,3,,port scan
2024-04-09 10:15:38,192.168.158.130,192.168.158.128,3,3,40,port scan
2024-04-09 10:15:39,192.168.158.130,192.168.158.128,3,3,40,port scan
2024-04-09 10:15:40,192.168.158.130,192.168.158.128,3,3,,port scan
2024-04-09 10:15:41,192.168.158.130,192.168.158.128,3,3,72,port scan
2024-04-09 10:15:42,192.168.158.130,192.168.158.128,3,3,,port scan
2024-04-09 10:15:43,192.168.158.130,192.168.158.128,3,3,40,port scan
2024-04-09 10:15:44,192.168.158.130,192.168.158.128,3,3,40,port scan
2024-04-09 10:15:45,192.168.158.130,192.168.158.128,3,3,,port scan
2024-04-09 10:15:46,192.168.158.130,192.168.158.128,3,3,,port scan
2024-04-09 10:15:47,192.168.158.130,192.168.158.128,3,3,,port scan
2024-04-09 10:15:48,192.168.158.130,192.168.158.128,3,3,,port scan
2024-04-09 10:15:49,192.168.158.130,192.168.158.128,3,3,,port scan
2024-04-09 10:15:50,192.168.158.130,192.168.158.128,3,3,,port scan
2024-04-09 10:15:51,192.168.158.130,192.168.158.128,3,3,40,port scan
2024-04-09 10:15:52,192.168.158.130,192.168.158.128,3,3,40,port scan
2024-04-09 10:15:53,192.168.158.130,192.168.158.128,3,3,,port scan
2024-04-09 10:15:54,192.168.158.130,192.168.158.128,3,3,40,port scan
2024-04-09 10:15:55,192.168.158.130,192.168.158.128,3,3,40,port scan
2024-04-09 10:15:56,192.168.158.130,192.168.158.128,3,3,,port scan
2024-04-09 10:15:57,192.168.158.130,192.168.158.128,3,3,,port scan
2024-04-09 10:15:58,192.168.158.130,192.168.158.128,3,3,,port scan
2024-04-09 10:15:59,192.168.158.130,192.168.158.128,3,3,,port scan
2024-04-09 10:16:00,192.168.158.130,192.168.158.128,3,3,40,port scan
2024-04-09 10:16:01,192.168.158.130,192.168.158.128,3,3,40,port scan
2024-04-09 10:16:02,192.168.158.130,192.168.158.128,3,3,,port scan
2024-04-09 10:16:03,192.168.158.130,192.168.158.128,3,3,,port scan
2024-04-09 10:16:04,192.168.158.130,192.168.158.128,3,3,,port scan
2024-04-09 10:16:05,192.168.158.130,192.168.158.128,3,3,,port scan
2024-04-09 10:16:06,192.168.158.130,192.168.158.128,3,3,2,port scan
2024-04-09 10:16:07,192.168.158.130,192.168.158.128,3,3,40,port scan
2024-04-09 10:16:08,192.168.158.130,192.168.158.128,3,3,72,port scan
2024-04-09 10:16:09,192.168.158.130,192.168.158.128,3,3,,port scan
2024-04-09 10:16:10,192.168.158.130,192.168.158.128,3,3,40,port scan
2024-04-09 10:16:11,192.168.158.130,192.168.158.128,3,3,,port scan
2024-04-09 10:16:12,192.168.158.130,192.168.158.128,3,3,40,port scan
2024-04-09 10:16:13,192.168.158.130,192.168.158.128,3,3,,port scan
2024-04-09 10:16:14,192.168.158.130,192.168.158.128,3,3,72,port scan
2024-04-09 10:16:15,192.168.158.130,192.168.158.128,3,3,,port scan
2024-04-09 10:16:16,192.168.158.130,192.168.158.128,3,3,40,port scan
2024-04-09 10:16:17,192.168.158.130,192.168.158.128,3,3,,port scan
2024-04-09 10:16:18,192.168.158.130,192.168.158.128,3,3,40,port scan
2024-04-09 10:16:20,192.168.158.130,192.168.158.128,3,3,,port scan
2024-04-09 10:16:21,192.168.158.130,192.168.158.128,3,3,,port scan
2024-04-09 10:16:22,192.168.158.130,192.168.158.128,3,3,40,port scan
2024-04-09 10:16:23,192.168.158.130,192.168.158.128,3,3,,port scan
2024-04-09 10:16:24,192.168.158.130,192.168.158.128,3,3,,port scan
2024-04-09 10:16:25,192.168.158.130,192.168.158.128,3,3,40,port scan
2024-04-09 10:16:26,192.168.158.130,192.168.158.128,3,3,,port scan
2024-04-09 10:16:27,192.168.158.130,192.168.158.128,3,3,40,port scan
2024-04-09 10:16:28,192.168.158.130,192.168.158.128,3,3,,port scan
2024-04-09 10:16:29,192.168.158.130,192.168.158.128,3,3,,port scan
2024-04-09 10:16:30,192.168.158.130,192.168.158.128,3,3,,port scan
2024-04-09 10:16:31,192.168.158.130,192.168.158.128,3,3,,port scan
2024-04-09 10:16:32,192.168.158.130,192.168.158.128,3,3,40,port scan
2024-04-09 10:16:33,192.168.158.130,192.168.158.128,3,3,40,port scan
2024-04-09 10:16:34,192.168.158.130,192.168.158.128,3,3,40,port scan
2024-04-09 10:16:35,192.168.158.130,192.168.158.128,3,3,,port scan
2024-04-09 10:16:36,192.168.158.130,192.168.158.128,3,3,72,port scan
2024-04-09 10:16:37,192.168.158.130,192.168.158.128,3,3,40,port scan
2024-04-09 10:16:38,192.168.158.130,192.168.158.128,3,3,72,port scan
2024-04-09 10:16:39,192.168.158.130,192.168.158.128,3,3,,port scan
2024-04-09 10:16:40,192.168.158.130,192.168.158.128,3,3,40,port scan
2024-04-09 10:16:41,192.168.158.130,192.168.158.128,3,3,,port scan
2024-04-09 10:16:42,192.168.158.130,192.168.158.128,3,3,,port scan
2024-04-09 10:16:43,192.168.158.130,192.168.158.128,3,3,,port scan
2024-04-09 10:16:44,192.168.158.130,192.168.158.128,3,3,40,port scan
2024-04-09 10:16:45,192.168.158.130,192.168.158.128,3,3,40,port scan
2024-04-09 10:16:46,192.168.158.130,192.168.158.128,3,3,,port scan
2024-04-09 10:16:47,192.168.158.130,192.168.158.128,3,3,40,port scan
2024-04-09 10:16:48,192.168.158.130,192.168.158.128,3,3,,port scan
2024-04-09 10:16:49,192.168.158.130,192.168.158.128,3,3,,port scan
2024-04-09 10:16:50,192.168.158.130,192.168.158.128,3,3,72,port scan
2024-04-09 10:16:51,192.168.158.130,192.168.158.128,3,3,,port scan
2024-04-09 10:16:52,192.168.158.130,192.168.158.128,3,3,,port scan
2024-04-09 10:16:53,192.168.158.130,192.168.158.128,3,3,,port scan
2024-04-09 10:16:54,192.168.158.130,192.168.158.128,3,3,40,port scan
2024-04-09 10:16:55,192.168.158.130,192.168.158.128,3,3,,port scan
2024-04-09 10:16:56,192.168.158.130,192.168.158.128,3,3,40,port scan
2024-04-09 10:16:57,192.168.158.130,192.168.158.128,3,3,,port scan
2024-04-09 10:16:58,192.168.158.130,192.168.158.128,3,3,,port scan
2024-04-09 10:16:59,192.168.158.130,192.168.158.128,3,3,,port scan
2024-04-09 10:17:00,192.168.158.130,192.168.158.128,3,3,,port scan
2024-04-09 10:17:01,192.168.158.130,192.168.158.128,3,3,,port scan
2024-04-09 10:17:02,192.168.158.130,192.168.158.128,3,3,,port scan
2024-04-09 10:17:03,192.168.158.130,192.168.158.128,3,3,40,port scan
2024-04-09 10:17:04,192.168.158.130,192.168.158.128,3,3,,port scan
2024-04-09 10:17:05,192.168.158.130,192.168.158.128,3,3,,port scan
2024-04-09 10:17:06,192.168.158.130,192.168.158.128,3,3,40,port scan
2024-04-09 10:17:07,192.168.158.130,192.168.158.128,3,3,,port scan
2024-04-09 10:17:08,192.168.158.130,192.168.158.128,3,3,40,port scan
2024-04-09 10:17:09,192.168.158.130,192.168.158.128,3,3,40,port scan
2024-04-09 10:17:10,192.168.158.130,192.168.158.128,3,3,,port scan
2024-04-09 10:17:11,192.168.158.130,192.168.158.128,3,3,,port scan
2024-04-09 10:17:12,192.168.158.130,192.168.158.128,3,3,,port scan
2024-04-09 10:17:13,192.168.158.130,192.168.158.128,3,3,,port scan
2024-04-09 10:17:14,192.168.158.130,192.168.158.128,3,3,40,port scan
2024-04-09 10:17:15,192.168.158.130,192.168.158.128,3,3,72,port scan
2024-04-09 10:17:16,192.168.158.130,192.168.158.128,3,3,,port scan
2024-04-09 10:17:17,192.168.158.130,192.168.158.128,3,3,12,port scan
2024-04-09 10:17:18,192.168.158.130,192.168.158.128,3,3,40,port scan
2024-04-09 10:17:19,192.168.158.130,192.168.158.128,3,3,40,port scan
2024-04-09 10:17:20,192.168.158.130,192.168.158.128,3,3,,port scan
2024-04-09 10:17:21,192.168.158.130,192.168.158.128,3,3,,port scan
2024-04-09 10:17:22,192.168.158.130,192.168.158.128,3,3,40,port scan
2024-04-09 10:17:23,192.168.158.130,192.168.158.128,3,3,,port scan
2024-04-09 10:17:24,192.168.158.130,192.168.158.128,3,3,40,port scan
2024-04-09 10:17:25,192.168.158.130,192.168.158.128,3,3,,port scan
2024-04-09 10:17:26,192.168.158.130,192.168.158.128,3,3,,port scan
2024-04-09 10:17:27,192.168.158.130,192.168.158.128,3,3,,port scan
2024-04-09 10:17:28,192.168.158.130,192.168.158.128,3,3,,port scan
2024-04-09 10:17:29,192.168.158.130,192.168.158.128,3,3,,port scan
2024-04-09 10:17:30,192.168.158.130,192.168.158.128,3,3,,port scan
2024-04-09 10:17:31,192.168.158.130,192.168.158.128,3,3,,port scan
2024-04-09 10:17:32,192.168.158.130,192.168.158.128,3,3,40,port scan
2024-04-09 10:17:33,192.168.158.130,192.168.158.128,3,3,40,port scan
2024-04-09 10:17:34,192.168.158.130,192.168.158.128,3,3,,port scan
2024-04-09 10:17:35,192.168.158.130,192.168.158.128,3,3,,port scan
2024-04-09 10:17:36,192.168.158.130,192.168.158.128,3,3,,port scan
2024-04-09 10:17:37,192.168.158.130,192.168.158.128,3,3,,port scan
2024-04-09 10:17:38,192.168.158.130,192.168.158.128,3,3,72,port scan
2024-04-09 10:17:39,192.168.158.130,192.168.158.128,3,3,40,port scan
2024-04-09 10:17:40,192.168.158.130,192.168.158.128,3,3,40,port scan
2024-04-09 10:17:41,192.168.158.130,192.168.158.128,3,3,,port scan
2024-04-09 10:17:42,192.168.158.130,192.168.158.128,3,3,,port scan
2024-04-09 10:17:43,192.168.158.130,192.168.158.128,3,3,40,port scan
2024-04-09 10:17:44,192.168.158.130,192.168.158.128,3,3,72,port scan
2024-04-09 10:17:45,192.168.158.130,192.168.158.128,3,3,40,port scan
2024-04-09 10:17:45,192.168.158.130,192.168.158.128,3,3,40,port scan
2024-04-09 10:17:46,192.168.158.130,192.168.158.128,3,3,,port scan
2024-04-09 10:17:47,192.168.158.130,192.168.158.128,3,3,,port scan
2024-04-09 10:17:48,192.168.158.130,192.168.158.128,3,3,,port scan
2024-04-09 10:17:49,192.168.158.130,192.168.158.128,3,3,,port scan
2024-04-09 10:17:50,192.168.158.130,192.168.158.128,3,3,,port scan
2024-04-09 10:17:51,192.168.158.130,192.168.158.128,3,3,,port scan
2024-04-09 10:17:52,192.168.158.130,192.168.158.128,3,3,,port scan
2024-04-09 10:17:53,192.168.158.130,192.168.158.128,3,3,,port scan
2024-04-09 10:17:54,192.168.158.130,192.168.158.128,3,3,,port scan
2024-04-09 10:17:54,192.168.158.130,192.168.158.128,3,3,60,port scan
2024-04-09 10:17:55,192.168.158.130,192.168.158.128,3,3,,port scan
2024-04-09 10:17:56,192.168.158.130,192.168.158.128,3,3,,port scan
2024-04-09 10:17:57,192.168.158.130,192.168.158.128,3,3,40,port scan
2024-04-09 10:17:58,192.168.158.130,192.168.158.128,3,3,40,port scan
2024-04-09 10:17:59,192.168.158.130,192.168.158.128,3,3,40,port scan
2024-04-09 10:18:00,192.168.158.130,192.168.158.128,3,3,40,port scan
2024-04-09 10:18:01,192.168.158.130,192.168.158.128,3,3,40,port scan
2024-04-09 10:18:02,192.168.158.130,192.168.158.128,3,3,,port scan
2024-04-09 10:18:03,192.168.158.130,192.168.158.128,3,3,,port scan
2024-04-09 10:18:04,192.168.158.130,192.168.158.128,3,3,72,port scan
2024-04-09 10:18:05,192.168.158.130,192.168.158.128,3,3,72,port scan
2024-04-09 10:18:06,192.168.158.130,192.168.158.128,3,3,40,port scan
2024-04-09 10:18:07,192.168.158.130,192.168.158.128,3,3,,port scan
2024-04-09 10:18:08,192.168.158.130,192.168.158.128,3,3,,port scan
2024-04-09 10:18:09,192.168.158.130,192.168.158.128,3,3,72,port scan
2024-04-09 10:18:10,192.168.158.130,192.168.158.128,3,3,40,port scan
2024-04-09 10:18:11,192.168.158.130,192.168.158.128,3,3,,port scan
2024-04-09 10:18:12,192.168.158.130,192.168.158.128,3,3,40,port scan
2024-04-09 10:18:13,192.168.158.130,192.168.158.128,3,3,,port scan
2024-04-09 10:18:14,192.168.158.130,192.168.158.128,3,3,,port scan
2024-04-09 10:18:15,192.168.158.130,192.168.158.128,3,3,40,port scan
2024-04-09 10:18:16,192.168.158.130,192.168.158.128,3,3,,port scan
2024-04-09 10:18:17,192.168.158.130,192.168.158.128,3,3,40,port scan
2024-04-09 10:18:18,192.168.158.130,192.168.158.128,3,3,72,port scan
2024-04-09 10:18:19,192.168.158.130,192.168.158.128,3,3,,port scan
2024-04-09 10:18:20,192.168.158.130,192.168.158.128,3,3,,port scan
2024-04-09 10:18:21,192.168.158.130,192.168.158.128,3,3,,port scan
2024-04-09 10:18:22,192.168.158.130,192.168.158.128,3,3,,port scan
2024-04-09 10:18:23,192.168.158.130,192.168.158.128,3,3,40,port scan
2024-04-09 10:18:24,192.168.158.130,192.168.158.128,3,3,,port scan
2024-04-09 10:18:25,192.168.158.130,192.168.158.128,3,3,,port scan
2024-04-09 10:18:26,192.168.158.130,192.168.158.128,3,3,,port scan
2024-04-09 10:18:27,192.168.158.130,192.168.158.128,3,3,,port scan
2024-04-09 10:18:28,192.168.158.130,192.168.158.128,3,3,,port scan
2024-04-09 10:18:29,192.168.158.130,192.168.158.128,3,3,12,port scan
2024-04-09 10:18:29,192.168.158.130,192.168.158.128,3,3,,port scan
2024-04-09 10:18:29,192.168.158.130,192.168.158.128,3,3,,port scan
2024-04-09 10:18:29,192.168.158.130,192.168.158.128,3,3,,port scan
2024-04-09 10:18:30,192.168.158.130,192.168.158.128,3,3,40,port scan
2024-04-09 10:18:31,192.168.158.130,192.168.158.128,3,3,40,port scan
2024-04-09 10:18:32,192.168.158.130,192.168.158.128,3,3,32,port scan
2024-04-09 10:18:33,192.168.158.130,192.168.158.128,3,3,,port scan
2024-04-09 10:18:34,192.168.158.130,192.168.158.128,3,3,,port scan
2024-04-09 10:18:35,192.168.158.130,192.168.158.128,3,3,40,port scan
2024-04-09 10:18:36,192.168.158.130,192.168.158.128,3,3,,port scan
2024-04-09 10:18:37,192.168.158.130,192.168.158.128,3,3,,port scan
2024-04-09 10:18:38,192.168.158.130,192.168.158.128,3,3,40,port scan
2024-04-09 10:18:39,192.168.158.130,192.168.158.128,3,3,40,port scan
2024-04-09 10:18:40,192.168.158.130,192.168.158.128,3,3,23,port scan
2024-04-09 10:18:41,192.168.158.130,192.168.158.128,3,3,,port scan
2024-04-09 10:18:42,192.168.158.130,192.168.158.128,3,3,,port scan
2024-04-09 10:18:43,192.168.158.130,192.168.158.128,3,3,40,port scan
2024-04-09 10:18:44,192.168.158.130,192.168.158.128,3,3,,port scan
2024-04-09 10:18:45,192.168.158.130,192.168.158.128,3,3,40,port scan
2024-04-09 10:18:46,192.168.158.130,192.168.158.128,3,3,40,port scan
2024-04-09 10:18:47,192.168.158.130,192.168.158.128,3,3,,port scan
2024-04-09 10:18:48,192.168.158.130,192.168.158.128,3,3,,port scan
2024-04-09 10:18:49,192.168.158.130,192.168.158.128,3,3,40,port scan
2024-04-09 10:18:50,192.168.158.130,192.168.158.128,3,3,,port scan
2024-04-09 10:18:51,192.168.158.130,192.168.158.128,3,3,,port scan
2024-04-09 10:18:52,192.168.158.130,192.168.158.128,3,3,40,port scan
2024-04-09 10:18:53,192.168.158.130,192.168.158.128,3,3,40,port scan
2024-04-09 10:18:54,192.168.158.130,192.168.158.128,3,3,,port scan
2024-04-09 10:18:55,192.168.158.130,192.168.158.128,3,3,72,port scan
2024-04-09 10:18:56,192.168.158.130,192.168.158.128,3,3,,port scan
2024-04-09 10:18:57,192.168.158.130,192.168.158.128,3,3,40,port scan
2024-04-09 10:18:58,192.168.158.130,192.168.158.128,3,3,40,port scan
2024-04-09 10:18:59,192.168.158.130,192.168.158.128,3,3,72,port scan
2024-04-09 10:19:00,192.168.158.130,192.168.158.128,3,3,40,port scan
2024-04-09 10:19:01,192.168.158.130,192.168.158.128,3,3,,port scan
2024-04-09 10:19:02,192.168.158.130,192.168.158.128,3,3,40,port scan
2024-04-09 10:19:03,192.168.158.130,192.168.158.128,3,3,,port scan
2024-04-09 10:19:04,192.168.158.130,192.168.158.128,3,3,,port scan
2024-04-09 10:19:05,192.168.158.130,192.168.158.128,3,3,,port scan
2024-04-09 10:19:06,192.168.158.130,192.168.158.128,3,3,40,port scan
2024-04-09 10:19:07,192.168.158.130,192.168.158.128,3,3,,port scan
2024-04-09 10:19:08,192.168.158.130,192.168.158.128,3,3,72,port scan
2024-04-09 10:19:09,192.168.158.130,192.168.158.128,3,3,40,port scan
2024-04-09 10:19:10,192.168.158.130,192.168.158.128,3,3,229,port scan
2024-04-09 10:19:11,192.168.158.130,192.168.158.128,3,3,,port scan
2024-04-09 10:19:12,192.168.158.130,192.168.158.128,3,3,,port scan
2024-04-09 10:19:13,192.168.158.130,192.168.158.128,3,3,40,port scan
2024-04-09 10:19:14,192.168.158.130,192.168.158.128,3,3,40,port scan
2024-04-09 10:19:15,192.168.158.130,192.168.158.128,3,3,40,port scan
2024-04-09 10:19:16,192.168.158.130,192.168.158.128,3,3,40,port scan
2024-04-09 10:19:17,192.168.158.130,192.168.158.128,3,3,40,port scan
2024-04-09 10:19:18,192.168.158.130,192.168.158.128,3,3,,port scan
2024-04-09 10:19:19,192.168.158.130,192.168.158.128,3,3,40,port scan
2024-04-09 10:19:20,192.168.158.130,192.168.158.128,3,3,,port scan
2024-04-09 10:19:21,192.168.158.130,192.168.158.128,3,3,,port scan
2024-04-09 10:19:22,192.168.158.130,192.168.158.128,3,3,,port scan
2024-04-09 10:19:23,192.168.158.130,192.168.158.128,3,3,,port scan
2024-04-09 10:19:24,192.168.158.130,192.168.158.128,3,3,,port scan
2024-04-09 10:19:25,192.168.158.130,192.168.158.128,3,3,72,port scan
2024-04-09 10:19:26,192.168.158.130,192.168.158.128,3,3,,port scan
2024-04-09 10:19:27,192.168.158.130,192.168.158.128,3,3,,port scan
2024-04-09 10:19:28,192.168.158.130,192.168.158.128,3,3,,port scan
2024-04-09 10:19:29,192.168.158.130,192.168.158.128,3,3,,port scan
2024-04-09 10:19:30,192.168.158.130,192.168.158.128,3,3,40,port scan
2024-04-09 10:19:31,192.168.158.130,192.168.158.128,3,3,40,port scan
2024-04-09 10:19:32,192.168.158.130,192.168.158.128,3,3,,port scan
2024-04-09 10:19:33,192.168.158.130,192.168.158.128,3,3,,port scan
2024-04-09 10:19:34,192.168.158.130,192.168.158.128,3,3,72,port scan
2024-04-09 10:19:35,192.168.158.130,192.168.158.128,3,3,40,port scan
2024-04-09 10:19:36,192.168.158.130,192.168.158.128,3,3,,port scan
2024-04-09 10:19:37,192.168.158.130,192.168.158.128,3,3,,port scan
2024-04-09 10:19:38,192.168.158.130,192.168.158.128,3,3,40,port scan
2024-04-09 10:19:39,192.168.158.130,192.168.158.128,3,3,,port scan
2024-04-09 10:19:40,192.168.158.130,192.168.158.128,3,3,40,port scan
2024-04-09 10:19:41,192.168.158.130,192.168.158.128,3,3,,port scan
2024-04-09 10:19:42,192.168.158.130,192.168.158.128,3,3,40,port scan
2024-04-09 10:19:43,192.168.158.130,192.168.158.128,3,3,72,port scan
2024-04-09 10:19:44,192.168.158.130,192.168.158.128,3,3,94,port scan
2024-04-09 10:19:45,192.168.158.130,192.168.158.128,3,3,,port scan
2024-04-09 10:19:46,192.168.158.130,192.168.158.128,3,3,40,port scan
2024-04-09 10:19:47,192.168.158.130,192.168.158.128,3,3,40,port scan
2024-04-09 10:19:48,192.168.158.130,192.168.158.128,3,3,,port scan
2024-04-09 10:19:49,192.168.158.130,192.168.158.128,3,3,,port scan
2024-04-09 10:19:50,192.168.158.130,192.168.158.128,3,3,,port scan
2024-04-09 10:19:51,192.168.158.130,192.168.158.128,3,3,40,port scan
2024-04-09 10:19:52,192.168.158.130,192.168.158.128,3,3,,port scan
2024-04-09 10:19:53,192.168.158.130,192.168.158.128,3,3,,port scan
2024-04-09 10:19:54,192.168.158.130,192.168.158.128,3,3,,port scan
2024-04-09 10:19:55,192.168.158.130,192.168.158.128,3,3,,port scan
2024-04-09 10:19:56,192.168.158.130,192.168.158.128,3,3,,port scan
2024-04-09 10:19:57,192.168.158.130,192.168.158.128,3,3,,port scan
2024-04-09 10:19:58,192.168.158.130,192.168.158.128,3,3,40,port scan
2024-04-09 10:19:59,192.168.158.130,192.168.158.128,3,3,,port scan
2024-04-09 10:20:00,192.168.158.130,192.168.158.128,3,3,40,port scan
2024-04-09 10:20:01,192.168.158.130,192.168.158.128,3,3,40,port scan
2024-04-09 10:20:02,192.168.158.130,192.168.158.128,3,3,64,port scan
2024-04-09 10:20:03,192.168.158.130,192.168.158.128,3,3,,port scan
2024-04-09 10:20:04,192.168.158.130,192.168.158.128,3,3,40,port scan
2024-04-09 10:20:05,192.168.158.130,192.168.158.128,3,3,,port scan
2024-04-09 10:20:06,192.168.158.130,192.168.158.128,3,3,,port scan
2024-04-09 10:20:07,192.168.158.130,192.168.158.128,3,3,40,port scan
2024-04-09 10:20:08,192.168.158.130,192.168.158.128,3,3,40,port scan
2024-04-09 10:20:09,192.168.158.130,192.168.158.128,3,3,40,port scan
2024-04-09 10:20:11,192.168.158.130,192.168.158.128,3,3,,port scan
2024-04-09 10:20:21,192.168.158.130,192.168.158.128,3,3,40,port scan
2024-04-09 10:20:22,192.168.158.130,192.168.158.128,3,3,,port scan
2024-04-09 10:20:23,192.168.158.130,192.168.158.128,3,3,30,port scan
2024-04-09 10:20:25,192.168.158.130,192.168.158.128,3,3,,port scan
2024-04-09 10:20:35,192.168.158.130,192.168.158.128,3,3,,port scan
2024-04-09 10:20:36,192.168.158.130,192.168.158.128,3,3,40,port scan
2024-04-09 10:20:37,192.168.158.130,192.168.158.128,3,3,,port scan
2024-04-09 10:20:38,192.168.158.130,192.168.158.128,3,3,40,port scan
2024-04-09 10:20:39,192.168.158.130,192.168.158.128,3,3,40,port scan
2024-04-09 10:20:40,192.168.158.130,192.168.158.128,3,3,40,port scan
2024-04-09 10:20:41,192.168.158.130,192.168.158.128,3,3,,port scan
2024-04-09 10:20:42,192.168.158.130,192.168.158.128,3,3,40,port scan
2024-04-09 10:20:43,192.168.158.130,192.168.158.128,3,3,40,port scan
2024-04-09 10:20:44,192.168.158.130,192.168.158.128,3,3,40,port scan
2024-04-09 10:20:45,192.168.158.130,192.168.158.128,3,3,72,port scan
2024-04-09 10:20:46,192.168.158.130,192.168.158.128,3,3,,port scan
2024-04-09 10:20:47,192.168.158.130,192.168.158.128,3,3,40,port scan
2024-04-09 10:20:48,192.168.158.130,192.168.158.128,3,3,,port scan
2024-04-09 10:20:49,192.168.158.130,192.168.158.128,3,3,8,port scan
2024-04-09 10:20:50,192.168.158.130,192.168.158.128,3,3,,port scan
2024-04-09 10:20:51,192.168.158.130,192.168.158.128,3,3,40,port scan
2024-04-09 10:20:52,192.168.158.130,192.168.158.128,3,3,,port scan
2024-04-09 10:20:53,192.168.158.130,192.168.158.128,3,3,,port scan
2024-04-09 10:20:54,192.168.158.130,192.168.158.128,3,3,,port scan
2024-04-09 10:20:55,192.168.158.130,192.168.158.128,3,3,40,port scan
2024-04-09 10:20:56,192.168.158.130,192.168.158.128,3,3,40,port scan
2024-04-09 10:20:57,192.168.158.130,192.168.158.128,3,3,244,port scan
2024-04-09 10:20:58,192.168.158.130,192.168.158.128,3,3,,port scan
2024-04-09 10:20:59,192.168.158.130,192.168.158.128,3,3,2,port scan
2024-04-09 10:21:00,192.168.158.130,192.168.158.128,3,3,,port scan
2024-04-09 10:21:01,192.168.158.130,192.168.158.128,3,3,,port scan
2024-04-09 10:21:02,192.168.158.130,192.168.158.128,3,3,,port scan
2024-04-09 10:21:03,192.168.158.130,192.168.158.128,3,3,,port scan
2024-04-09 10:21:04,192.168.158.130,192.168.158.128,3,3,,port scan
2024-04-09 10:21:05,192.168.158.130,192.168.158.128,3,3,,port scan
2024-04-09 10:21:06,192.168.158.130,192.168.158.128,3,3,40,port scan
2024-04-09 10:21:07,192.168.158.130,192.168.158.128,3,3,,port scan
2024-04-09 10:21:08,192.168.158.130,192.168.158.128,3,3,,port scan
2024-04-09 10:21:09,192.168.158.130,192.168.158.128,3,3,,port scan
2024-04-09 10:21:10,192.168.158.130,192.168.158.128,3,3,,port scan
2024-04-09 10:21:11,192.168.158.130,192.168.158.128,3,3,40,port scan
2024-04-09 10:21:12,192.168.158.130,192.168.158.128,3,3,,port scan
2024-04-09 10:21:13,192.168.158.128,192.168.158.130,3,3,32,port scan
2024-04-09 10:21:13,192.168.158.128,192.168.158.130,3,3,24,port scan
2024-04-09 10:21:14,192.168.158.128,192.168.158.130,3,3,,port scan
2024-04-09 10:21:14,192.168.158.128,192.168.158.130,3,3,,port scan
2024-04-09 10:21:14,192.168.158.128,192.168.158.130,3,3,,port scan
2024-04-09 10:21:15,192.168.158.130,192.168.158.128,3,3,,port scan
2024-04-09 10:21:16,192.168.158.130,192.168.158.128,3,3,,port scan
2024-04-09 10:21:17,192.168.158.130,192.168.158.128,3,3,40,port scan
2024-04-09 10:21:18,192.168.158.130,192.168.158.128,3,3,40,port scan
2024-04-09 10:21:19,192.168.158.130,192.168.158.128,3,3,40,port scan
2024-04-09 10:21:20,192.168.158.130,192.168.158.128,3,3,40,port scan
2024-04-09 10:21:20,192.168.158.130,192.168.158.128,3,3,40,port scan
2024-04-09 10:21:21,192.168.158.130,192.168.158.128,3,3,,port scan
2024-04-09 10:21:22,192.168.158.130,192.168.158.128,3,3,,port scan
2024-04-09 10:21:23,192.168.158.130,192.168.158.128,3,3,40,port scan
2024-04-09 10:21:24,192.168.158.130,192.168.158.128,3,3,,port scan
2024-04-09 10:21:25,192.168.158.130,192.168.158.128,3,3,40,port scan
2024-04-09 10:21:26,192.168.158.130,192.168.158.128,3,3,40,port scan
2024-04-09 10:21:27,192.168.158.130,192.168.158.128,3,3,,port scan
2024-04-09 10:21:28,192.168.158.130,192.168.158.128,3,3,40,port scan
2024-04-09 10:21:29,192.168.158.130,192.168.158.128,3,3,,port scan
2024-04-09 10:21:30,192.168.158.130,192.168.158.128,3,3,,port scan
2024-04-09 10:21:31,192.168.158.130,192.168.158.128,3,3,,port scan
2024-04-09 10:21:32,192.168.158.130,192.168.158.128,3,3,40,port scan
2024-04-09 10:21:33,192.168.158.130,192.168.158.128,3,3,,port scan
2024-04-09 10:21:34,192.168.158.130,192.168.158.128,3,3,,port scan
2024-04-09 10:21:35,192.168.158.130,192.168.158.128,3,3,40,port scan
2024-04-09 10:21:36,192.168.158.130,192.168.158.128,3,3,,port scan
2024-04-09 10:21:37,192.168.158.130,192.168.158.128,3,3,,port scan
2024-04-09 10:21:38,192.168.158.130,192.168.158.128,3,3,,port scan
2024-04-09 10:21:39,192.168.158.130,192.168.158.128,3,3,11,port scan
2024-04-09 10:21:40,192.168.158.130,192.168.158.128,3,3,,port scan
2024-04-09 10:21:41,192.168.158.130,192.168.158.128,3,3,19,port scan
2024-04-09 10:21:41,192.168.158.130,192.168.158.128,3,3,19,port scan
2024-04-09 10:21:42,192.168.158.130,192.168.158.128,3,3,,port scan
2024-04-09 10:21:43,192.168.158.130,192.168.158.128,3,3,,port scan
2024-04-09 10:21:44,192.168.158.130,192.168.158.128,3,3,72,port scan
2024-04-09 10:21:45,192.168.158.130,192.168.158.128,3,3,,port scan
2024-04-09 10:21:46,192.168.158.130,192.168.158.128,3,3,40,port scan
2024-04-09 10:21:47,192.168.158.130,192.168.158.128,3,3,,port scan
2024-04-09 10:21:48,192.168.158.130,192.168.158.128,3,3,40,port scan
2024-04-09 10:21:48,192.168.158.130,192.168.158.128,3,3,40,port scan
2024-04-09 10:21:49,192.168.158.130,192.168.158.128,3,3,,port scan
2024-04-09 10:21:50,192.168.158.130,192.168.158.128,3,3,,port scan
2024-04-09 10:21:51,192.168.158.130,192.168.158.128,3,3,40,port scan
2024-04-09 10:21:52,192.168.158.130,192.168.158.128,3,3,40,port scan
2024-04-09 10:21:53,192.168.158.130,192.168.158.128,3,3,,port scan
2024-04-09 10:21:54,192.168.158.130,192.168.158.128,3,3,,port scan
2024-04-09 10:21:55,192.168.158.130,192.168.158.128,3,3,,port scan
2024-04-09 10:21:56,192.168.158.130,192.168.158.128,3,3,,port scan
2024-04-09 10:21:57,192.168.158.130,192.168.158.128,3,3,,port scan
2024-04-09 10:21:58,192.168.158.130,192.168.158.128,3,3,,port scan
2024-04-09 10:21:59,192.168.158.130,192.168.158.128,3,3,,port scan
2024-04-09 10:22:00,192.168.158.130,192.168.158.128,3,3,40,port scan
2024-04-09 10:22:01,192.168.158.130,192.168.158.128,3,3,,port scan
2024-04-09 10:22:02,192.168.158.130,192.168.158.128,3,3,,port scan
2024-04-09 10:22:03,192.168.158.130,192.168.158.128,3,3,,port scan
2024-04-09 10:22:04,192.168.158.130,192.168.158.128,3,3,40,port scan
2024-04-09 10:22:05,192.168.158.130,192.168.158.128,3,3,,port scan
2024-04-09 10:22:06,192.168.158.130,192.168.158.128,3,3,,port scan
2024-04-09 10:22:07,192.168.158.130,192.168.158.128,3,3,,port scan
2024-04-09 10:22:08,192.168.158.130,192.168.158.128,3,3,40,port scan
2024-04-09 10:22:09,192.168.158.130,192.168.158.128,3,3,,port scan
2024-04-09 10:22:10,192.168.158.130,192.168.158.128,3,3,,port scan
2024-04-09 10:22:11,192.168.158.130,192.168.158.128,3,3,,port scan
2024-04-09 10:22:12,192.168.158.130,192.168.158.128,3,3,,port scan
2024-04-09 10:22:13,192.168.158.130,192.168.158.128,3,3,,port scan
2024-04-09 10:22:14,192.168.158.130,192.168.158.128,3,3,,port scan
2024-04-09 10:22:15,192.168.158.130,192.168.158.128,3,3,,port scan
2024-04-09 10:22:16,192.168.158.130,192.168.158.128,3,3,,port scan
2024-04-09 10:22:17,192.168.158.130,192.168.158.128,3,3,,port scan
2024-04-09 10:22:18,192.168.158.130,192.168.158.128,3,3,,port scan
2024-04-09 10:22:19,192.168.158.130,192.168.158.128,3,3,,port scan
2024-04-09 10:22:20,192.168.158.130,192.168.158.128,3,3,,port scan
2024-04-09 10:22:21,192.168.158.130,192.168.158.128,3,3,,port scan
2024-04-09 10:22:22,192.168.158.130,192.168.158.128,3,3,,port scan
2024-04-09 10:22:23,192.168.158.130,192.168.158.128,3,3,40,port scan
2024-04-09 10:22:24,192.168.158.130,192.168.158.128,3,3,40,port scan
2024-04-09 10:22:25,192.168.158.130,192.168.158.128,3,3,5,port scan
2024-04-09 10:22:26,192.168.158.130,192.168.158.128,3,3,,port scan
2024-04-09 10:22:27,192.168.158.130,192.168.158.128,3,3,,port scan
2024-04-09 10:22:28,192.168.158.130,192.168.158.128,3,3,,port scan
2024-04-09 10:22:29,192.168.158.130,192.168.158.128,3,3,,port scan
2024-04-09 10:22:30,192.168.158.130,192.168.158.128,3,3,40,port scan
2024-04-09 10:22:31,192.168.158.130,192.168.158.128,3,3,,port scan
2024-04-09 10:22:32,192.168.158.130,192.168.158.128,3,3,,port scan
2024-04-09 10:22:33,192.168.158.130,192.168.158.128,3,3,40,port scan
2024-04-09 10:22:34,192.168.158.130,192.168.158.128,3,3,,port scan
2024-04-09 10:22:35,192.168.158.130,192.168.158.128,3,3,,port scan
2024-04-09 10:22:36,192.168.158.130,192.168.158.128,3,3,,port scan
2024-04-09 10:22:37,192.168.158.130,192.168.158.128,3,3,,port scan
2024-04-09 10:22:38,192.168.158.130,192.168.158.128,3,3,,port scan
2024-04-09 10:22:39,192.168.158.130,192.168.158.128,3,3,,port scan
2024-04-09 10:22:40,192.168.158.130,192.168.158.128,3,3,,port scan
2024-04-09 10:22:41,192.168.158.130,192.168.158.128,3,3,,port scan
2024-04-09 10:22:43,192.168.158.130,192.168.158.128,3,3,40,port scan
2024-04-09 10:22:44,192.168.158.130,192.168.158.128,3,3,,port scan
2024-04-09 10:22:45,192.168.158.130,192.168.158.128,3,3,,port scan
2024-04-09 10:22:46,192.168.158.130,192.168.158.128,3,3,40,port scan
2024-04-09 10:22:47,192.168.158.130,192.168.158.128,3,3,,port scan
2024-04-09 10:22:48,192.168.158.130,192.168.158.128,3,3,40,port scan
2024-04-09 10:22:49,192.168.158.130,192.168.158.128,3,3,,port scan
2024-04-09 10:22:50,192.168.158.130,192.168.158.128,3,3,,port scan
2024-04-09 10:22:51,192.168.158.130,192.168.158.128,3,3,40,port scan
2024-04-09 10:22:52,192.168.158.130,192.168.158.128,3,3,,port scan
2024-04-09 10:22:53,192.168.158.130,192.168.158.128,3,3,40,port scan
2024-04-09 10:22:54,192.168.158.130,192.168.158.128,3,3,40,port scan
2024-04-09 10:22:54,192.168.158.130,192.168.158.128,3,3,40,port scan
2024-04-09 10:22:55,192.168.158.130,192.168.158.128,3,3,,port scan
2024-04-09 10:22:56,192.168.158.130,192.168.158.128,3,3,,port scan
2024-04-09 10:22:57,192.168.158.130,192.168.158.128,3,3,40,port scan
2024-04-09 10:22:58,192.168.158.130,192.168.158.128,3,3,,port scan
2024-04-09 10:22:59,192.168.158.130,192.168.158.128,3,3,,port scan
2024-04-09 10:23:00,192.168.158.130,192.168.158.128,3,3,40,port scan
2024-04-09 10:23:01,192.168.158.130,192.168.158.128,3,3,40,port scan
2024-04-09 10:23:02,192.168.158.130,192.168.158.128,3,3,40,port scan
2024-04-09 10:23:03,192.168.158.130,192.168.158.128,3,3,,port scan
2024-04-09 10:23:04,192.168.158.130,192.168.158.128,3,3,,port scan
2024-04-09 10:23:05,192.168.158.130,192.168.158.128,3,3,,port scan
2024-04-09 10:23:06,192.168.158.130,192.168.158.128,3,3,40,port scan
2024-04-09 10:23:07,192.168.158.130,192.168.158.128,3,3,2,port scan
2024-04-09 10:23:08,192.168.158.130,192.168.158.128,3,3,40,port scan
2024-04-09 10:23:09,192.168.158.130,192.168.158.128,3,3,,port scan
2024-04-09 10:23:10,192.168.158.130,192.168.158.128,3,3,,port scan
2024-04-09 10:23:11,192.168.158.130,192.168.158.128,3,3,,port scan
2024-04-09 10:23:12,192.168.158.130,192.168.158.128,3,3,,port scan
2024-04-09 10:23:13,192.168.158.130,192.168.158.128,3,3,,port scan
2024-04-09 10:23:14,192.168.158.130,192.168.158.128,3,3,8,port scan
2024-04-09 10:23:15,192.168.158.130,192.168.158.128,3,3,40,port scan
2024-04-09 10:23:16,192.168.158.130,192.168.158.128,3,3,40,port scan
2024-04-09 10:23:17,192.168.158.130,192.168.158.128,3,3,,port scan
2024-04-09 10:23:18,192.168.158.130,192.168.158.128,3,3,,port scan
2024-04-09 10:23:19,192.168.158.130,192.168.158.128,3,3,,port scan
2024-04-09 10:23:20,192.168.158.130,192.168.158.128,3,3,,port scan
2024-04-09 10:23:21,192.168.158.130,192.168.158.128,3,3,,port scan
2024-04-09 10:23:22,192.168.158.130,192.168.158.128,3,3,,port scan
2024-04-09 10:23:23,192.168.158.130,192.168.158.128,3,3,,port scan
2024-04-09 10:23:24,192.168.158.130,192.168.158.128,3,3,,port scan
2024-04-09 10:23:25,192.168.158.130,192.168.158.128,3,3,,port scan
2024-04-09 10:26:10,192.168.158.131,192.168.158.128,3,2,,port scan
2024-04-09 10:26:10,192.168.158.131,192.168.158.128,3,2,,port scan
2024-04-09 10:26:10,192.168.158.131,192.168.158.128,3,2,,port scan
2024-04-09 10:26:10,192.168.158.131,192.168.158.128,3,2,,port scan
2024-04-09 10:26:10,192.168.158.131,192.168.158.128,3,2,,port scan
2024-04-09 10:26:10,192.168.158.131,192.168.158.128,3,2,,port scan
2024-04-09 10:26:12,192.168.158.131,192.168.158.128,3,2,,port scan
2024-04-10 19:58:10,192.168.158.128,192.168.158.254,8,9,120,os scan
2024-04-10 19:58:10,192.168.158.128,192.168.158.1,8,9,120,os scan
2024-04-10 19:58:10,192.168.158.128,192.168.158.2,8,9,120,os scan
2024-04-10 19:58:10,192.168.158.128,192.168.158.130,8,9,120,os scan
2024-04-10 19:58:10,192.168.158.128,192.168.158.131,8,9,120,os scan
2024-04-10 19:58:10,192.168.158.128,192.168.158.132,8,9,120,os scan
2024-04-10 19:58:10,192.168.158.2,192.168.158.128,0,0,120,os scan
2024-04-10 19:58:10,192.168.158.128,192.168.158.133,8,9,120,os scan
2024-04-10 19:58:10,192.168.158.131,192.168.158.128,0,9,120,os scan
2024-04-10 19:58:10,192.168.158.130,192.168.158.128,0,9,120,os scan
2024-04-10 19:58:10,192.168.158.132,192.168.158.128,0,9,120,os scan
2024-04-10 19:58:10,192.168.158.133,192.168.158.128,0,9,120,os scan
2024-04-10 19:58:10,192.168.158.128,192.168.158.254,8,0,150,os scan
2024-04-10 19:58:10,192.168.158.128,192.168.158.1,8,0,150,os scan
2024-04-10 19:58:10,192.168.158.128,192.168.158.2,8,0,150,os scan
2024-04-10 19:58:10,192.168.158.128,192.168.158.130,8,0,150,os scan
2024-04-10 19:58:10,192.168.158.128,192.168.158.131,8,0,150,os scan
2024-04-10 19:58:10,192.168.158.128,192.168.158.132,8,0,150,os scan
2024-04-10 19:58:10,192.168.158.128,192.168.158.133,8,0,150,os scan
2024-04-10 19:58:10,192.168.158.2,192.168.158.128,0,0,150,os scan
2024-04-10 19:58:10,192.168.158.130,192.168.158.128,0,0,150,os scan
2024-04-10 19:58:10,192.168.158.131,192.168.158.128,0,0,150,os scan
2024-04-10 19:58:10,192.168.158.132,192.168.158.128,0,0,150,os scan
2024-04-10 19:58:10,192.168.158.133,192.168.158.128,0,0,150,os scan
2024-04-10 19:58:10,192.168.158.130,192.168.158.128,3,3,300,os scan
2024-04-10 19:58:10,192.168.158.131,192.168.158.128,3,3,300,os scan
2024-04-10 19:58:10,192.168.158.133,192.168.158.128,3,3,300,os scan
2024-04-10 19:58:10,192.168.158.132,192.168.158.128,3,3,300,os scan
2024-04-10 19:58:10,192.168.158.128,192.168.158.254,8,9,120,os scan
2024-04-10 19:58:10,192.168.158.128,192.168.158.254,8,0,150,os scan
2024-04-10 19:58:10,192.168.158.128,192.168.158.1,8,9,120,os scan
2024-04-10 19:58:10,192.168.158.128,192.168.158.1,8,0,150,os scan
2024-04-10 19:58:10,192.168.158.128,192.168.158.254,8,9,120,os scan
2024-04-10 19:58:10,192.168.158.128,192.168.158.254,8,0,150,os scan
2024-04-10 19:58:10,192.168.158.128,192.168.158.254,8,9,120,os scan
2024-04-10 19:58:10,192.168.158.128,192.168.158.254,8,0,150,os scan
2024-04-10 19:58:10,192.168.158.128,192.168.158.1,8,9,120,os scan
2024-04-10 19:58:10,192.168.158.128,192.168.158.1,8,0,150,os scan
2024-04-10 19:58:11,192.168.158.128,192.168.158.1,8,9,120,os scan
2024-04-10 19:58:11,192.168.158.128,192.168.158.1,8,0,150,os scan
2024-04-10 19:58:12,192.168.158.128,192.168.158.254,8,9,120,os scan
2024-04-10 19:58:12,192.168.158.128,192.168.158.1,8,9,120,os scan
2024-04-10 19:58:12,192.168.158.128,192.168.158.2,8,9,120,os scan
2024-04-10 19:58:12,192.168.158.2,192.168.158.128,0,0,120,os scan
2024-04-10 19:58:12,192.168.158.128,192.168.158.254,8,0,150,os scan
2024-04-10 19:58:12,192.168.158.128,192.168.158.1,8,0,150,os scan
2024-04-10 19:58:12,192.168.158.128,192.168.158.2,8,0,150,os scan
2024-04-10 19:58:12,192.168.158.2,192.168.158.128,0,0,150,os scan
2024-04-10 19:58:13,192.168.158.128,192.168.158.254,8,9,120,os scan
2024-04-10 19:58:13,192.168.158.128,192.168.158.254,8,0,150,os scan
2024-04-10 19:58:13,192.168.158.128,192.168.158.1,8,9,120,os scan
2024-04-10 19:58:13,192.168.158.128,192.168.158.1,8,0,150,os scan
2024-04-10 19:58:13,192.168.158.128,192.168.158.254,8,9,120,os scan
2024-04-10 19:58:13,192.168.158.128,192.168.158.254,8,0,150,os scan
2024-04-10 19:58:13,192.168.158.128,192.168.158.254,8,9,120,os scan
2024-04-10 19:58:13,192.168.158.128,192.168.158.254,8,0,150,os scan
2024-04-10 19:58:13,192.168.158.128,192.168.158.1,8,9,120,os scan
2024-04-10 19:58:13,192.168.158.128,192.168.158.1,8,0,150,os scan
2024-04-10 19:58:13,192.168.158.128,192.168.158.1,8,9,120,os scan
2024-04-10 19:58:13,192.168.158.128,192.168.158.1,8,0,150,os scan
2024-04-10 19:58:14,192.168.158.130,192.168.158.128,3,3,1,os scan
2024-04-10 19:58:14,192.168.158.131,192.168.158.128,3,3,1,os scan
2024-04-10 19:58:14,192.168.158.130,192.168.158.128,3,3,14,os scan
2024-04-10 19:58:14,192.168.158.130,192.168.158.128,3,3,14,os scan
2024-04-10 19:58:16,192.168.158.132,192.168.158.128,3,3,1,os scan
2024-04-10 19:58:19,192.168.158.131,192.168.158.128,3,3,14,os scan
2024-04-10 19:58:19,192.168.158.131,192.168.158.128,3,3,14,os scan
2024-04-10 19:58:21,192.168.158.133,192.168.158.128,3,3,1,os scan
2024-04-10 19:58:26,192.168.158.132,192.168.158.128,3,3,14,os scan
2024-04-10 19:58:26,192.168.158.132,192.168.158.128,3,3,14,os scan
2024-04-10 19:58:27,192.168.158.133,192.168.158.128,3,3,14,os scan
2024-04-10 19:58:27,192.168.158.133,192.168.158.128,3,3,14,os scan
2024-04-09 13:52:46,192.168.158.128,192.168.158.130,8,9,120,os scan
2024-04-09 13:52:46,192.168.158.130,192.168.158.128,0,9,120,os scan
2024-04-09 13:52:46,192.168.158.128,192.168.158.130,8,0,150,os scan
2024-04-09 13:52:46,192.168.158.130,192.168.158.128,0,0,150,os scan
2024-04-09 13:52:46,192.168.158.130,192.168.158.128,3,3,300,os scan
2024-04-09 13:52:18,192.168.158.128,192.168.158.131,8,9,120,os scan
2024-04-09 13:52:18,192.168.158.131,192.168.158.128,0,9,120,os scan
2024-04-09 13:52:18,192.168.158.128,192.168.158.131,8,0,150,os scan
2024-04-09 13:52:18,192.168.158.131,192.168.158.128,0,0,150,os scan
2024-04-09 13:52:18,192.168.158.131,192.168.158.128,3,3,300,os scan
2024-04-09 10:40:36,192.168.158.128,192.168.158.132,8,9,120,os scan
2024-04-09 10:40:36,192.168.158.132,192.168.158.128,0,9,120,os scan
2024-04-09 10:40:36,192.168.158.128,192.168.158.132,8,0,150,os scan
2024-04-09 10:40:36,192.168.158.132,192.168.158.128,0,0,150,os scan
2024-04-09 10:40:36,192.168.158.132,192.168.158.128,3,3,300,os scan
2024-04-09 13:53:23,192.168.158.128,192.168.158.133,8,9,120,os scan
2024-04-09 13:53:23,192.168.158.133,192.168.158.128,0,9,120,os scan
2024-04-09 13:53:23,192.168.158.128,192.168.158.133,8,0,150,os scan
2024-04-09 13:53:23,192.168.158.133,192.168.158.128,0,0,150,os scan
2024-04-09 13:53:23,192.168.158.133,192.168.158.128,3,3,300,os scan
2024-04-10 20:01:10,192.168.158.128,192.168.158.254,8,9,120,os scan
2024-04-10 20:01:10,192.168.158.128,192.168.158.1,8,9,120,os scan
2024-04-10 20:01:10,192.168.158.128,192.168.158.2,8,9,120,os scan
2024-04-10 20:01:10,192.168.158.128,192.168.158.130,8,9,120,os scan
2024-04-10 20:01:10,192.168.158.128,192.168.158.131,8,9,120,os scan
2024-04-10 20:01:10,192.168.158.128,192.168.158.132,8,9,120,os scan
2024-04-10 20:01:10,192.168.158.128,192.168.158.133,8,9,120,os scan
2024-04-10 20:01:10,192.168.158.2,192.168.158.128,0,0,120,os scan
2024-04-10 20:01:10,192.168.158.130,192.168.158.128,0,9,120,os scan
2024-04-10 20:01:10,192.168.158.131,192.168.158.128,0,9,120,os scan
2024-04-10 20:01:10,192.168.158.133,192.168.158.128,0,9,120,os scan
2024-04-10 20:01:10,192.168.158.132,192.168.158.128,0,9,120,os scan
2024-04-10 20:01:10,192.168.158.128,192.168.158.254,8,0,150,os scan
2024-04-10 20:01:10,192.168.158.128,192.168.158.1,8,0,150,os scan
2024-04-10 20:01:10,192.168.158.128,192.168.158.2,8,0,150,os scan
2024-04-10 20:01:10,192.168.158.128,192.168.158.130,8,0,150,os scan
2024-04-10 20:01:10,192.168.158.128,192.168.158.131,8,0,150,os scan
2024-04-10 20:01:10,192.168.158.128,192.168.158.132,8,0,150,os scan
2024-04-10 20:01:10,192.168.158.2,192.168.158.128,0,0,150,os scan
2024-04-10 20:01:10,192.168.158.128,192.168.158.133,8,0,150,os scan
2024-04-10 20:01:10,192.168.158.130,192.168.158.128,0,0,150,os scan
2024-04-10 20:01:10,192.168.158.131,192.168.158.128,0,0,150,os scan
2024-04-10 20:01:10,192.168.158.133,192.168.158.128,0,0,150,os scan
2024-04-10 20:01:10,192.168.158.132,192.168.158.128,0,0,150,os scan
2024-04-10 20:01:10,192.168.158.132,192.168.158.128,3,3,300,os scan
2024-04-10 20:01:10,192.168.158.130,192.168.158.128,3,3,300,os scan
2024-04-10 20:01:10,192.168.158.131,192.168.158.128,3,3,300,os scan
2024-04-10 20:01:10,192.168.158.133,192.168.158.128,3,3,300,os scan
2024-04-10 20:01:10,192.168.158.128,192.168.158.254,8,9,120,os scan
2024-04-10 20:01:10,192.168.158.128,192.168.158.254,8,0,150,os scan
2024-04-10 20:01:10,192.168.158.128,192.168.158.1,8,9,120,os scan
2024-04-10 20:01:10,192.168.158.128,192.168.158.1,8,0,150,os scan
2024-04-10 20:01:10,192.168.158.128,192.168.158.254,8,9,120,os scan
2024-04-10 20:01:10,192.168.158.128,192.168.158.254,8,0,150,os scan
2024-04-10 20:01:10,192.168.158.128,192.168.158.254,8,9,120,os scan
2024-04-10 20:01:10,192.168.158.128,192.168.158.254,8,0,150,os scan
2024-04-10 20:01:10,192.168.158.128,192.168.158.1,8,9,120,os scan
2024-04-10 20:01:10,192.168.158.128,192.168.158.1,8,0,150,os scan
2024-04-10 20:01:11,192.168.158.128,192.168.158.1,8,9,120,os scan
2024-04-10 20:01:11,192.168.158.128,192.168.158.1,8,0,150,os scan
2024-04-10 20:01:12,192.168.158.128,192.168.158.254,8,9,120,os scan
2024-04-10 20:01:13,192.168.158.128,192.168.158.1,8,9,120,os scan
2024-04-10 20:01:13,192.168.158.128,192.168.158.2,8,9,120,os scan
2024-04-10 20:01:13,192.168.158.2,192.168.158.128,0,0,120,os scan
2024-04-10 20:01:13,192.168.158.128,192.168.158.254,8,0,150,os scan
2024-04-10 20:01:13,192.168.158.128,192.168.158.1,8,0,150,os scan
2024-04-10 20:01:13,192.168.158.128,192.168.158.2,8,0,150,os scan
2024-04-10 20:01:13,192.168.158.2,192.168.158.128,0,0,150,os scan
2024-04-10 20:01:13,192.168.158.128,192.168.158.254,8,9,120,os scan
2024-04-10 20:01:13,192.168.158.128,192.168.158.254,8,0,150,os scan
2024-04-10 20:01:13,192.168.158.128,192.168.158.1,8,9,120,os scan
2024-04-10 20:01:13,192.168.158.128,192.168.158.1,8,0,150,os scan
2024-04-10 20:01:13,192.168.158.128,192.168.158.254,8,9,120,os scan
2024-04-10 20:01:13,192.168.158.128,192.168.158.254,8,0,150,os scan
2024-04-10 20:01:13,192.168.158.128,192.168.158.254,8,9,120,os scan
2024-04-10 20:01:13,192.168.158.128,192.168.158.254,8,0,150,os scan
2024-04-10 20:01:13,192.168.158.128,192.168.158.1,8,9,120,os scan
2024-04-10 20:01:13,192.168.158.128,192.168.158.1,8,0,150,os scan
2024-04-10 20:01:13,192.168.158.128,192.168.158.1,8,9,120,os scan
2024-04-10 20:01:13,192.168.158.128,192.168.158.1,8,0,150,os scan
2024-04-09 11:48:52,192.168.158.128,192.168.158.130,8,9,120,os scan
2024-04-09 11:48:52,192.168.158.130,192.168.158.128,0,9,120,os scan
2024-04-09 11:48:52,192.168.158.128,192.168.158.130,8,0,150,os scan
2024-04-09 11:48:52,192.168.158.130,192.168.158.128,0,0,150,os scan
2024-04-09 11:48:52,192.168.158.130,192.168.158.128,3,3,300,os scan
2024-04-09 10:39:27,192.168.158.128,192.168.158.131,8,9,120,os scan
2024-04-09 10:39:27,192.168.158.131,192.168.158.128,0,9,120,os scan
2024-04-09 10:39:27,192.168.158.128,192.168.158.131,8,0,150,os scan
2024-04-09 10:39:27,192.168.158.131,192.168.158.128,0,0,150,os scan
2024-04-09 10:39:27,192.168.158.131,192.168.158.128,3,3,300,os scan
2024-04-09 11:48:18,192.168.158.128,192.168.158.132,8,9,120,os scan
2024-04-09 11:48:18,192.168.158.132,192.168.158.128,0,9,120,os scan
2024-04-09 11:48:18,192.168.158.128,192.168.158.132,8,0,150,os scan
2024-04-09 11:48:18,192.168.158.132,192.168.158.128,0,0,150,os scan
2024-04-09 11:48:18,192.168.158.132,192.168.158.128,3,3,300,os scan
2024-04-09 11:49:56,192.168.158.128,192.168.158.133,8,9,120,os scan
2024-04-09 11:49:56,192.168.158.133,192.168.158.128,0,9,120,os scan
2024-04-09 11:49:56,192.168.158.128,192.168.158.133,8,0,150,os scan
2024-04-09 11:49:56,192.168.158.133,192.168.158.128,0,0,150,os scan
2024-04-09 11:49:56,192.168.158.133,192.168.158.128,3,3,300,os scan
2024-04-10 19:54:07,192.168.158.128,192.168.158.254,8,9,120,os scan
2024-04-10 19:54:08,192.168.158.128,192.168.158.1,8,9,120,os scan
2024-04-10 19:54:08,192.168.158.128,192.168.158.2,8,9,120,os scan
2024-04-10 19:54:08,192.168.158.128,192.168.158.130,8,9,120,os scan
2024-04-10 19:54:08,192.168.158.128,192.168.158.131,8,9,120,os scan
2024-04-10 19:54:08,192.168.158.128,192.168.158.132,8,9,120,os scan
2024-04-10 19:54:08,192.168.158.128,192.168.158.133,8,9,120,os scan
2024-04-10 19:54:08,192.168.158.2,192.168.158.128,0,0,120,os scan
2024-04-10 19:54:08,192.168.158.130,192.168.158.128,0,9,120,os scan
2024-04-10 19:54:08,192.168.158.131,192.168.158.128,0,9,120,os scan
2024-04-10 19:54:08,192.168.158.132,192.168.158.128,0,9,120,os scan
2024-04-10 19:54:08,192.168.158.133,192.168.158.128,0,9,120,os scan
2024-04-10 19:54:08,192.168.158.128,192.168.158.254,8,0,150,os scan
2024-04-10 19:54:08,192.168.158.128,192.168.158.1,8,0,150,os scan
2024-04-10 19:54:08,192.168.158.128,192.168.158.2,8,0,150,os scan
2024-04-10 19:54:08,192.168.158.128,192.168.158.130,8,0,150,os scan
2024-04-10 19:54:08,192.168.158.128,192.168.158.131,8,0,150,os scan
2024-04-10 19:54:08,192.168.158.128,192.168.158.132,8,0,150,os scan
2024-04-10 19:54:08,192.168.158.128,192.168.158.133,8,0,150,os scan
2024-04-10 19:54:08,192.168.158.2,192.168.158.128,0,0,150,os scan
2024-04-10 19:54:08,192.168.158.130,192.168.158.128,0,0,150,os scan
2024-04-10 19:54:08,192.168.158.131,192.168.158.128,0,0,150,os scan
2024-04-10 19:54:08,192.168.158.132,192.168.158.128,0,0,150,os scan
2024-04-10 19:54:08,192.168.158.133,192.168.158.128,0,0,150,os scan
2024-04-10 19:54:08,192.168.158.130,192.168.158.128,3,3,300,os scan
2024-04-10 19:54:08,192.168.158.131,192.168.158.128,3,3,300,os scan
2024-04-10 19:54:08,192.168.158.132,192.168.158.128,3,3,300,os scan
2024-04-10 19:54:08,192.168.158.133,192.168.158.128,3,3,300,os scan
2024-04-10 19:54:08,192.168.158.128,192.168.158.254,8,9,120,os scan
2024-04-10 19:54:08,192.168.158.128,192.168.158.254,8,0,150,os scan
2024-04-10 19:54:08,192.168.158.128,192.168.158.1,8,9,120,os scan
2024-04-10 19:54:08,192.168.158.128,192.168.158.1,8,0,150,os scan
2024-04-10 19:54:08,192.168.158.128,192.168.158.254,8,9,120,os scan
2024-04-10 19:54:08,192.168.158.128,192.168.158.254,8,0,150,os scan
2024-04-10 19:54:08,192.168.158.128,192.168.158.254,8,9,120,os scan
2024-04-10 19:54:08,192.168.158.128,192.168.158.254,8,0,150,os scan
2024-04-10 19:54:08,192.168.158.128,192.168.158.1,8,9,120,os scan
2024-04-10 19:54:08,192.168.158.128,192.168.158.1,8,0,150,os scan
2024-04-10 19:54:08,192.168.158.128,192.168.158.1,8,9,120,os scan
2024-04-10 19:54:08,192.168.158.128,192.168.158.1,8,0,150,os scan
2024-04-10 19:54:10,192.168.158.128,192.168.158.254,8,9,120,os scan
2024-04-10 19:54:10,192.168.158.128,192.168.158.1,8,9,120,os scan
2024-04-10 19:54:10,192.168.158.128,192.168.158.2,8,9,120,os scan
2024-04-10 19:54:10,192.168.158.2,192.168.158.128,0,0,120,os scan
2024-04-10 19:54:10,192.168.158.128,192.168.158.254,8,0,150,os scan
2024-04-10 19:54:10,192.168.158.128,192.168.158.1,8,0,150,os scan
2024-04-10 19:54:10,192.168.158.128,192.168.158.2,8,0,150,os scan
2024-04-10 19:54:10,192.168.158.2,192.168.158.128,0,0,150,os scan
2024-04-10 19:54:10,192.168.158.128,192.168.158.254,8,9,120,os scan
2024-04-10 19:54:10,192.168.158.128,192.168.158.254,8,0,150,os scan
2024-04-10 19:54:10,192.168.158.128,192.168.158.1,8,9,120,os scan
2024-04-10 19:54:10,192.168.158.128,192.168.158.1,8,0,150,os scan
2024-04-10 19:54:10,192.168.158.128,192.168.158.254,8,9,120,os scan
2024-04-10 19:54:10,192.168.158.128,192.168.158.254,8,0,150,os scan
2024-04-10 19:54:11,192.168.158.128,192.168.158.254,8,9,120,os scan
2024-04-10 19:54:11,192.168.158.128,192.168.158.254,8,0,150,os scan
2024-04-10 19:54:11,192.168.158.128,192.168.158.1,8,9,120,os scan
2024-04-10 19:54:11,192.168.158.128,192.168.158.1,8,0,150,os scan
2024-04-10 19:54:11,192.168.158.128,192.168.158.1,8,9,120,os scan
2024-04-10 19:54:11,192.168.158.128,192.168.158.1,8,0,150,os scan
